,Unnamed: 0,index,input,output,type,name,arguments
0,0,0," In the housing_market.csv dataset, is there a clear indication that vacancy rates have an influence on the median home price?","{'causal_problem': ['CSL', None], 'dataset': ['housing_market.csv'], 'nodes': ['median_home_price', 'vacancy_rates']}",step1,causal_graph_learning,"{""dataset"":""housing_market.csv"",""nodes"":""all_variables""}"
1,1,1, Can we determine from the data in housing_market.csv whether changes in median home price are a result of shifts in vacancy rates?,"{'causal_problem': ['CSL', None], 'dataset': ['housing_market.csv'], 'nodes': ['median_home_price', 'vacancy_rates']}",step1,causal_graph_learning,"{""dataset"":""housing_market.csv"",""nodes"":""median_home_price,vacancy_rates""}"
2,2,2, Does the housing_market.csv dataset show any instances where the median home price is affected by the level of vacancy rates?,"{'causal_problem': ['CSL', None], 'dataset': ['housing_market.csv'], 'nodes': ['median_home_price', 'vacancy_rates']}",step1,causal_graph_learning,"{""dataset"":""housing_market.csv"",""nodes"":""median_home_price,vacancy_rates""}"
3,3,3," Looking at the information in housing_market.csv, is there any sign that the vacancy rates play a role in determining the median home price?","{'causal_problem': ['CSL', None], 'dataset': ['housing_market.csv'], 'nodes': ['median_home_price', 'vacancy_rates']}",step1,causal_graph_learning,"{""dataset"":""housing_market.csv"",""nodes"":""vacancy_rates,median_home_price""}"
4,4,4, Is there any evidence within the housing_market.csv dataset to suggest that the median home price could be driven by the vacancy rates?,"{'causal_problem': ['CSL', None], 'dataset': ['housing_market.csv'], 'nodes': ['median_home_price', 'vacancy_rates']}",step1,causal_graph_learning,"{""dataset"":""housing_market.csv"",""nodes"":""median_home_price,vacancy_rates""}"
5,5,5,Does the political_engagement.csv dataset offer insights into whether the number of legislation passed directly impacts voter turnout and attendance at political rallies attendance?,"{'causal_problem': ['CSL', None], 'dataset': ['political_engagement.csv'], 'nodes': ['legislation_passed', 'voter_turnout', 'political_rallies_attendance']}",step1,causal_graph_learning,"{
  ""dataset"": ""political_engagement.csv"",
  ""nodes"": ""legislation_passed,voter_turnout,political_rallies_attendance""
}"
6,6,6," In examining the political_engagement.csv dataset, is there any indication that increased political rallies attendance leads to a change in the rate of legislation passed or voter turnout?","{'causal_problem': ['CSL', None], 'dataset': ['political_engagement.csv'], 'nodes': ['legislation_passed', 'voter_turnout', 'political_rallies_attendance']}",step1,causal_graph_learning,"{""dataset"":""political_engagement.csv"",""nodes"":""political_rallies_attendance,legislation_passed_rate,voter_turnout""}"
7,7,7, Can we observe from the data in political_engagement.csv a direct effect of voter turnout on the number of legislation passed and the frequency of political rallies attendance?,"{'causal_problem': ['CSL', None], 'dataset': ['political_engagement.csv'], 'nodes': ['legislation_passed', 'voter_turnout', 'political_rallies_attendance']}",step1,causal_graph_learning,"{
  ""dataset"": ""political_engagement.csv"",
  ""nodes"": ""voter turnout, number of legislation passed, frequency of political rallies attendance""
}"
8,8,8,Is there evidence within the political_engagement.csv that suggests political rallies attendance has a direct influence on the rate of legislation passed or the level of voter turnout?,"{'causal_problem': ['CSL', None], 'dataset': ['political_engagement.csv'], 'nodes': ['legislation_passed', 'voter_turnout', 'political_rallies_attendance']}",step1,causal_graph_learning,"{
  ""dataset"": ""political_engagement.csv"",
  ""nodes"": ""political rallies attendance,rate of legislation passed,level of voter turnout""
}"
9,9,9," From the information in political_engagement.csv, what instances show that the quantity of legislation passed has a direct effect on both voter turnout and political rallies attendance?","{'causal_problem': ['CSL', None], 'dataset': ['political_engagement.csv'], 'nodes': ['legislation_passed', 'voter_turnout', 'political_rallies_attendance']}",step1,causal_graph_learning,"{""dataset"":""political_engagement.csv"",""nodes"":""all_variables""}"
10,10,10," In the public_health.csv dataset, can we determine if specific variables serve as a cause for changes observed in others?","{'causal_problem': ['CSL', None], 'dataset': ['public_health.csv'], 'nodes': ['all_variables']}",step1,causal_graph_learning,"{""dataset"":""public_health.csv"",""nodes"":""all_variables""}"
11,11,11, Are there identifiable instances in the public_health.csv dataset where a particular variable has a direct effect on another?,"{'causal_problem': ['CSL', None], 'dataset': ['public_health.csv'], 'nodes': ['all_variables']}",step1,causal_graph_learning,"{""dataset"":""public_health.csv"",""nodes"":""all_variables""}"
12,12,12, Does the public_health.csv dataset offer insights into which variables may be responsible for causing shifts in other variables?,"{'causal_problem': ['CSL', None], 'dataset': ['public_health.csv'], 'nodes': ['all_variables']}",step1,causal_graph_learning,"{""dataset"":""public_health.csv"",""nodes"":""all_variables""}"
13,13,13, Could we pinpoint any cases within the public_health.csv dataset where the alteration in one variable is a direct consequence of another?,"{'causal_problem': ['CSL', None], 'dataset': ['public_health.csv'], 'nodes': ['all_variables']}",step1,causal_graph_learning,"{""dataset"":""public_health.csv"",""nodes"":""all_variables""}"
14,14,14, How many examples of one variable directly leading to a change in another can be traced in the public_health.csv dataset?,"{'causal_problem': ['CSL', None], 'dataset': ['public_health.csv'], 'nodes': ['all_variables']}",step1,causal_graph_learning,"{""dataset"":""public_health.csv"",""nodes"":""all_variables""}"
15,15,15," In the retail_sales.csv dataset, are there elements that directly cause changes in some of the other variables, and if so, can you list those relationships?","{'causal_problem': ['CSL', None], 'dataset': ['retail_sales.csv'], 'nodes': ['all_variables']}",step1,causal_graph_learning,"{
  ""dataset"": ""retail_sales.csv"",
  ""nodes"": ""all_variables""
}"
16,16,16, Does the data in retail_sales.csv reveal if certain variables serve as the root cause for fluctuations in other areas within the same dataset?,"{'causal_problem': ['CSL', None], 'dataset': ['retail_sales.csv'], 'nodes': ['all_variables']}",step1,causal_graph_learning,"{""dataset"":""retail_sales.csv"",""nodes"":""all_variables""}"
17,17,17, Can we identify any specific factors within retail_sales.csv that have a direct effect on the rest of the data points?,"{'causal_problem': ['CSL', None], 'dataset': ['retail_sales.csv'], 'nodes': ['all_variables']}",step1,causal_graph_learning,"{""dataset"":""retail_sales.csv"",""nodes"":""all_variables""}"
18,18,18, What are the various causal relationships that exist among the variables detailed in the retail_sales.csv dataset?,"{'causal_problem': ['CSL', None], 'dataset': ['retail_sales.csv'], 'nodes': ['all_variables']}",step1,causal_graph_learning,"{""dataset"":""retail_sales.csv"",""nodes"":""all_variables""}"
19,19,19," Are there discernible cause-and-effect patterns that impact the variables represented in the retail_sales.csv, and can you quantify these influences?","{'causal_problem': ['CSL', None], 'dataset': ['retail_sales.csv'], 'nodes': ['all_variables']}",step1,causal_graph_learning,"{""dataset"":""retail_sales.csv"",""nodes"":""all_variables""}"
20,20,20,"In the consumer_electronics.csv dataset, what are the causal pathways among user satisfaction (user_satisfaction), the monthly sales volume (monthly_sales), and market share (sector_market_share)?","{'causal_problem': ['CSL', None], 'dataset': ['consumer_electronics.csv'], 'nodes': ['monthly_sales', 'user_satisfaction', 'sector_market_share']}",step1,causal_graph_learning,"{
  ""dataset"": ""consumer_electronics.csv"",
  ""nodes"": ""user_satisfaction,monthly_sales,sector_market_share""
}"
21,21,21,"Can we identify any causal connections among user satisfaction (user_satisfaction), the monthly sales volume (monthly_sales), and market share (sector_market_share) from the consumer_electronics.csv dataset?","{'causal_problem': ['CSL', None], 'dataset': ['consumer_electronics.csv'], 'nodes': ['monthly_sales', 'user_satisfaction', 'sector_market_share']}",step1,causal_graph_learning,"{
  ""dataset"": ""consumer_electronics.csv"",
  ""nodes"": ""user_satisfaction,monthly_sales,sector_market_share""
}"
22,22,22,"Are there any causal effects documented in the consumer_electronics.csv dataset among user satisfaction (user_satisfaction), the monthly sales volume (monthly_sales), and market share (sector_market_share)?","{'causal_problem': ['CSL', None], 'dataset': ['consumer_electronics.csv'], 'nodes': ['monthly_sales', 'user_satisfaction', 'sector_market_share']}",step1,causal_graph_learning,"{
  ""dataset"": ""consumer_electronics.csv"",
  ""nodes"": ""user_satisfaction,monthly_sales,sector_market_share""
}"
23,23,23,"Looking at the data from consumer_electronics.csv, is there a way to establish causal effects among user satisfaction (user_satisfaction), the monthly sales volume (monthly_sales), and market share (sector_market_share)?","{'causal_problem': ['CSL', None], 'dataset': ['consumer_electronics.csv'], 'nodes': ['monthly_sales', 'user_satisfaction', 'sector_market_share']}",step1,causal_graph_learning,"{
  ""dataset"": ""consumer_electronics.csv"",
  ""nodes"": ""user_satisfaction,monthly_sales,sector_market_share""
}"
24,24,24, Does the analysis of the consumer_electronics.csv dataset reveal any causative impacts on monthly sales volume (monthly_sales) due to shifts in user satisfaction (user_satisfaction) or market share (sector_market_share)?,"{'causal_problem': ['CSL', None], 'dataset': ['consumer_electronics.csv'], 'nodes': ['monthly_sales', 'user_satisfaction', 'sector_market_share']}",step1,causal_graph_learning,"{
  ""dataset"": ""consumer_electronics.csv"",
  ""nodes"": ""monthly_sales,user_satisfaction,sector_market_share""
}"
25,25,25,"In the political_engagement.csv dataset, is there evidence that the amount of campaign donations (donation_amount) directly influences the number of legislation passed (bills_passed)?","{'causal_problem': ['CSL', None], 'dataset': ['political_engagement.csv'], 'nodes': ['donation_amount', 'bills_passed']}",step1,causal_graph_learning,"{
  ""dataset"": ""political_engagement.csv"",
  ""nodes"": ""donation_amount,bills_passed""
}"
26,26,26,Does an increase in campaign donations (donation_amount) within the political_engagement.csv dataset lead to a higher count of legislation passed (bills_passed)?,"{'causal_problem': ['CSL', None], 'dataset': ['political_engagement.csv'], 'nodes': ['donation_amount', 'bills_passed']}",step1,causal_graph_learning,"{""dataset"":""political_engagement.csv"",""nodes"":""donation_amount,bills_passed""}"
27,27,27,Can we detect any direct effects of the size of campaign donations (donation_amount) on the success rate of legislation passed (bills_passed) in the political_engagement.csv file?,"{'causal_problem': ['CSL', None], 'dataset': ['political_engagement.csv'], 'nodes': ['donation_amount', 'bills_passed']}",step1,causal_graph_learning,"{""dataset"":""political_engagement.csv"",""nodes"":""donation_amount,bills_passed""}"
28,28,28, Is there a discernible cause-and-effect relationship between the volume of campaign donations (donation_amount) and the quantity of legislation passed (bills_passed) as recorded in political_engagement.csv?,"{'causal_problem': ['CSL', None], 'dataset': ['political_engagement.csv'], 'nodes': ['donation_amount', 'bills_passed']}",step1,causal_graph_learning,"{""dataset"":""political_engagement.csv"",""nodes"":""donation_amount,bills_passed""}"
29,29,29,Does the political_engagement.csv dataset allow us to identify instances where campaign donations (donation_amount) have a direct effect on the the number of legislation passed (bills_passed)?,"{'causal_problem': ['CSL', None], 'dataset': ['political_engagement.csv'], 'nodes': ['donation_amount', 'bills_passed']}",step1,causal_graph_learning,"{""dataset"":""political_engagement.csv"",""nodes"":""donation_amount,bills_passed""}"
30,30,0, Can we observe significant shifts in mortgage rates (mortgage_rate) in the housing_market.csv dataset when rent prices (rental_cost) rise or fall?,"{'causal_problem': ['CEL', 'ATE'], 'dataset': ['housing_market.csv'], 'treatment': ['rental_cost'], 'response': ['mortgage_rate']}",step1,average_treatment_effect,"{
  ""dataset"": ""housing_market.csv"",
  ""treatment"": ""rental_cost"",
  ""outcome"": ""mortgage_rate""
}"
31,31,1, What kind of changes to mortgage rates (mortgage_rate) might one expect to see as a consequence of fluctuations in rent prices (rental_cost) according to the data in housing_market.csv?,"{'causal_problem': ['CEL', 'ATE'], 'dataset': ['housing_market.csv'], 'treatment': ['rental_cost'], 'response': ['mortgage_rate']}",step1,average_treatment_effect,"{
  ""dataset"": ""housing_market.csv"",
  ""treatment"": ""rental_cost"",
  ""outcome"": ""mortgage_rate""
}"
32,32,2," How does altering rent prices (rental_cost) affect mortgage rates (mortgage_rate), as evidenced within the housing_market.csv dataset?","{'causal_problem': ['CEL', 'ATE'], 'dataset': ['housing_market.csv'], 'treatment': ['rental_cost'], 'response': ['mortgage_rate']}",step1,average_treatment_effect,"{
  ""dataset"": ""housing_market.csv"",
  ""treatment"": ""rental_cost"",
  ""outcome"": ""mortgage_rate""
}"
33,33,3," In the context of the housing_market.csv data, to what degree does the alteration of rent prices (rental_cost) influence the level of mortgage rates (mortgage_rate)?","{'causal_problem': ['CEL', 'ATE'], 'dataset': ['housing_market.csv'], 'treatment': ['rental_cost'], 'response': ['mortgage_rate']}",step1,average_treatment_effect,"{
  ""dataset"": ""housing_market.csv"",
  ""treatment"": ""rental_cost"",
  ""outcome"": ""mortgage_rate""
}"
34,34,4," Based on the records in housing_market.csv, what is the impact magnitude of rent prices (rental_cost) on the trends of mortgage rates (mortgage_rate)?","{'causal_problem': ['CEL', 'ATE'], 'dataset': ['housing_market.csv'], 'treatment': ['rental_cost'], 'response': ['mortgage_rate']}",step1,average_treatment_effect,"{
  ""dataset"": ""housing_market.csv"",
  ""treatment"": ""rental_cost"",
  ""outcome"": ""mortgage_rate""
}"
35,35,5,"In the political_engagement.csv dataset, how significant is the role of having a party membership (member_party) in the number of legislation passed or bills_passed?","{'causal_problem': ['CEL', 'ATE'], 'dataset': ['political_engagement.csv'], 'treatment': ['member_party'], 'response': ['bills_passed']}",step1,average_treatment_effect,"{""dataset"":""political_engagement.csv"",""treatment"":""member_party"",""outcome"":""bills_passed""}"
36,36,6,"Can we see a noticeable difference in the legislation passed, as measured by bills_passed, linked to the presence of party membership noted as member_party in the political_engagement.csv?","{'causal_problem': ['CEL', 'ATE'], 'dataset': ['political_engagement.csv'], 'treatment': ['member_party'], 'response': ['bills_passed']}",step1,average_treatment_effect,"{
  ""dataset"": ""political_engagement.csv"",
  ""treatment"": ""member_party"",
  ""outcome"": ""bills_passed""
}"
37,37,7,How does holding a party membership (member_party) status within the political_engagement.csv dataset translate to the actual enactment of legislation passed (bills_passed)?,"{'causal_problem': ['CEL', 'ATE'], 'dataset': ['political_engagement.csv'], 'treatment': ['member_party'], 'response': ['bills_passed']}",step1,average_treatment_effect,"{""dataset"":""political_engagement.csv"",""treatment"":""member_party"",""outcome"":""bills_passed""}"
38,38,8,"In the context of the political_engagement.csv, what is the magnitude of influence that party membership (member_party) status exerts on the count of legislation passed (bills_passed)?","{'causal_problem': ['CEL', 'ATE'], 'dataset': ['political_engagement.csv'], 'treatment': ['member_party'], 'response': ['bills_passed']}",step1,average_treatment_effect,"{
  ""dataset"": ""political_engagement.csv"",
  ""treatment"": ""member_party"",
  ""outcome"": ""bills_passed""
}"
39,39,9,"With the political_engagement.csv data, what degree of change in the quantity of legislation passed (bills_passed) can we observe when comparing individuals with and without a party membership, or member_party, designation?","{'causal_problem': ['CEL', 'ATE'], 'dataset': ['political_engagement.csv'], 'treatment': ['member_party'], 'response': ['bills_passed']}",step1,average_treatment_effect,"{
  ""dataset"": ""political_engagement.csv"",
  ""treatment"": ""member_party"",
  ""outcome"": ""bills_passed""
}"
40,40,10, How substantially does life expectancy in the public_health.csv database alter the figures for obesity rates (obesity_index)?,"{'causal_problem': ['CEL', 'ATE'], 'dataset': ['public_health.csv'], 'treatment': ['life_expectancy'], 'response': ['obesity_index']}",step1,average_treatment_effect,"{""dataset"":""public_health.csv"",""treatment"":""life_expectancy"",""outcome"":""obesity_index""}"
41,41,11," Can we observe a noticeable change in obesity rates (obesity_index) when life expectancy shifts, according to the data in public_health.csv?","{'causal_problem': ['CEL', 'ATE'], 'dataset': ['public_health.csv'], 'treatment': ['life_expectancy'], 'response': ['obesity_index']}",step1,average_treatment_effect,"{
  ""dataset"": ""public_health.csv"",
  ""treatment"": ""life_expectancy"",
  ""outcome"": ""obesity_index""
}"
42,42,12," In what ways, and to what extent, does life expectancy contribute to variations in obesity rates (obesity_index) as reflected in the public_health.csv dataset?","{'causal_problem': ['CEL', 'ATE'], 'dataset': ['public_health.csv'], 'treatment': ['life_expectancy'], 'response': ['obesity_index']}",step1,average_treatment_effect,"{""dataset"":""public_health.csv"",""treatment"":""life_expectancy"",""outcome"":""obesity_index""}"
43,43,13, What is the magnitude of impact that changes in life expectancy have on the obesity rates (obesity_index) within the public_health.csv dataset?,"{'causal_problem': ['CEL', 'ATE'], 'dataset': ['public_health.csv'], 'treatment': ['life_expectancy'], 'response': ['obesity_index']}",step1,average_treatment_effect,"{""dataset"":""public_health.csv"",""treatment"":""life_expectancy"",""outcome"":""obesity_index""}"
44,44,14, How does an increase or decrease in life expectancy reflect in the numbers pertaining to obesity rates (obesity_index) in the information contained in public_health.csv?,"{'causal_problem': ['CEL', 'ATE'], 'dataset': ['public_health.csv'], 'treatment': ['life_expectancy'], 'response': ['obesity_index']}",step1,average_treatment_effect,"{""dataset"":""public_health.csv"",""treatment"":""life_expectancy"",""outcome"":""obesity_index""}"
45,45,15,"Can an increase in retail revenue lead to a significant change in the store count, as shown in the retail_sales.csv data?","{'causal_problem': ['CEL', 'ATE'], 'dataset': ['retail_sales.csv'], 'treatment': ['retail_revenue'], 'response': ['store_count']}",step1,average_treatment_effect,"{
  ""dataset"": ""retail_sales.csv"",
  ""treatment"": ""retail_revenue"",
  ""outcome"": ""store_count""
}"
46,46,16," When examining the retail_sales.csv, to what extent does adjusting retail revenue affect the store count?","{'causal_problem': ['CEL', 'ATE'], 'dataset': ['retail_sales.csv'], 'treatment': ['retail_revenue'], 'response': ['store_count']}",step1,average_treatment_effect,"{""dataset"":""retail_sales.csv"",""treatment"":""retail_revenue"",""outcome"":""store_count""}"
47,47,17," Is there a notable impact on store count when retail revenue goes up, according to the insights from retail_sales.csv?","{'causal_problem': ['CEL', 'ATE'], 'dataset': ['retail_sales.csv'], 'treatment': ['retail_revenue'], 'response': ['store_count']}",step1,average_treatment_effect,"{""dataset"":""retail_sales.csv"",""treatment"":""revenue"",""outcome"":""store_count""}"
48,48,18," In the context of the retail_sales.csv dataset, how does altering retail revenue translate into changes in the store count?","{'causal_problem': ['CEL', 'ATE'], 'dataset': ['retail_sales.csv'], 'treatment': ['retail_revenue'], 'response': ['store_count']}",step1,average_treatment_effect,"{""dataset"":""retail_sales.csv"",""treatment"":""retail_revenue"",""outcome"":""store_count""}"
49,49,19, Does the retail_sales.csv suggest a substantial effect on store count when there's a fluctuation in retail revenue?,"{'causal_problem': ['CEL', 'ATE'], 'dataset': ['retail_sales.csv'], 'treatment': ['retail_revenue'], 'response': ['store_count']}",step1,average_treatment_effect,"{""dataset"":""retail_sales.csv"",""treatment"":""retail_revenue"",""outcome"":""store_count""}"
50,50,20,How significantly does user satisfaction (satisfaction_score) influence the sales volume (volume) according to the consumer_electronics.csv data?,"{'causal_problem': ['CEL', 'ATE'], 'dataset': ['consumer_electronics.csv'], 'treatment': ['satisfaction_score'], 'response': ['volume']}",step1,average_treatment_effect,"{
  ""dataset"": ""consumer_electronics.csv"",
  ""treatment"": ""satisfaction_score"",
  ""outcome"": ""volume""
}"
51,51,21," In the consumer_electronics.csv dataset, what is the magnitude of change in sales volume (volume) when user satisfaction (satisfaction_score) is high compared to when it's low?","{'causal_problem': ['CEL', 'ATE'], 'dataset': ['consumer_electronics.csv'], 'treatment': ['satisfaction_score'], 'response': ['volume']}",step1,average_treatment_effect,"{
  ""dataset"": ""consumer_electronics.csv"",
  ""treatment"": ""satisfaction_score_high_vs_low"",
  ""outcome"": ""volume""
}"
52,52,22, Can we observe a substantial variation in the sales volume (volume) as a result of different levels of user satisfaction (satisfaction_score) as indicated within the consumer_electronics.csv?,"{'causal_problem': ['CEL', 'ATE'], 'dataset': ['consumer_electronics.csv'], 'treatment': ['satisfaction_score'], 'response': ['volume']}",step1,average_treatment_effect,"{
  ""dataset"": ""consumer_electronics.csv"",
  ""treatment"": ""satisfaction_score"",
  ""outcome"": ""volume""
}"
53,53,23," Is there a noticeable shift in sales volume (volume) when user satisfaction (satisfaction_score) improves, based on insights from consumer_electronics.csv?","{'causal_problem': ['CEL', 'ATE'], 'dataset': ['consumer_electronics.csv'], 'treatment': ['satisfaction_score'], 'response': ['volume']}",step1,average_treatment_effect,"{
  ""dataset"": ""consumer_electronics.csv"",
  ""treatment"": ""satisfaction_score"",
  ""outcome"": ""volume""
}"
54,54,24," How profound is the influence of consumer contentment, as measured by user satisfaction (satisfaction_score), on the purchasing figures or sales volume (volume) as recorded in the consumer_electronics.csv file?","{'causal_problem': ['CEL', 'ATE'], 'dataset': ['consumer_electronics.csv'], 'treatment': ['satisfaction_score'], 'response': ['volume']}",step1,average_treatment_effect,"{
  ""dataset"": ""consumer_electronics.csv"",
  ""treatment"": ""satisfaction_score"",
  ""outcome"": ""volume""
}"
55,55,25,Can we see a significant change in the number of legislation passed due to variations in voter turnout as evidenced by the political_engagement.csv dataset?,"{'causal_problem': ['CEL', 'ATE'], 'dataset': ['political_engagement.csv'], 'treatment': ['voter_turnout'], 'response': ['legislation_passed']}",step1,average_treatment_effect,"{""dataset"":""political_engagement.csv"",""treatment"":""voter_turnout"",""outcome"":""legislation_passed""}"
56,56,26,"In the data from political_engagement.csv, how much does voter turnout contribute to the enactment of legislation passed?","{'causal_problem': ['CEL', 'ATE'], 'dataset': ['political_engagement.csv'], 'treatment': ['voter_turnout'], 'response': ['legislation_passed']}",step1,average_treatment_effect,"{""dataset"":""political_engagement.csv"",""treatment"":""voter_turnout"",""outcome"":""legislation_passed""}"
57,57,27," Is there a notable difference in the legislation passed when there's a higher voter turnout, according to the political_engagement.csv file?","{'causal_problem': ['CEL', 'ATE'], 'dataset': ['political_engagement.csv'], 'treatment': ['voter_turnout'], 'response': ['legislation_passed']}",step1,average_treatment_effect,"{
  ""dataset"": ""political_engagement.csv"",
  ""treatment"": ""voter_turnout"",
  ""outcome"": ""legislation_passed""
}"
58,58,28,To what extent does voter turnout drive the legislation passed getting passed as shown in the political_engagement.csv?,"{'causal_problem': ['CEL', 'ATE'], 'dataset': ['political_engagement.csv'], 'treatment': ['voter_turnout'], 'response': ['legislation_passed']}",step1,average_treatment_effect,"{""dataset"":""political_engagement.csv"",""treatment"":""voter_turnout"",""outcome"":""legislation_passed""}"
59,59,29," Would it be accurate to say that the legislation passed is considerably affected by the level of voter turnout, based on the analysis of political_engagement.csv?","{'causal_problem': ['CEL', 'ATE'], 'dataset': ['political_engagement.csv'], 'treatment': ['voter_turnout'], 'response': ['legislation_passed']}",step1,average_treatment_effect,"{
  ""dataset"": ""political_engagement.csv"",
  ""treatment"": ""voter_turnout"",
  ""outcome"": ""legislation_passed""
}"
60,60,0,"What is the influence of varying mortgage rates (interest_rate) on vacancy rates in the housing_market.csv dataset, specifically when the median home price (median_home_price) is set at 0.93?","{'causal_problem': ['CEL', 'HTE'], 'dataset': ['housing_market.csv'], 'treatment': ['interest_rate'], 'response': ['vacancy_rates'], 'condition': [('median_home_price', 0.93)]}",step1,heterogeneous_treatment_effect,"{
  ""dataset"": ""housing_market.csv"",
  ""treatment"": ""interest_rate"",
  ""outcome"": ""vacancy_rate"",
  ""condition_variable"": ""median_home_price"",
  ""condition_value"": 0.93
}"
61,61,1,"In cases where the median home price (median_home_price) stands at 0.93, can we observe a significant change in vacancy rates due to shifts in mortgage rates (interest_rate) according to the data in housing_market.csv?","{'causal_problem': ['CEL', 'HTE'], 'dataset': ['housing_market.csv'], 'treatment': ['interest_rate'], 'response': ['vacancy_rates'], 'condition': [('median_home_price', 0.93)]}",step1,heterogeneous_treatment_effect,"{
  ""dataset"": ""housing_market.csv"",
  ""treatment"": ""interest_rate"",
  ""outcome"": ""vacancy_rates"",
  ""condition_variable"": ""median_home_price"",
  ""condition_value"": 0.93
}"
62,62,2,How would an adjustment to mortgage rates (interest_rate) translate to changes in vacancy rates within housing_market.csv when we specifically look at homes with a median home price (median_home_price) equal to 0.93?,"{'causal_problem': ['CEL', 'HTE'], 'dataset': ['housing_market.csv'], 'treatment': ['interest_rate'], 'response': ['vacancy_rates'], 'condition': [('median_home_price', 0.93)]}",step1,heterogeneous_treatment_effect,"{
  ""dataset"": ""housing_market.csv"",
  ""treatment"": ""interest_rate"",
  ""outcome"": ""vacancy_rate"",
  ""condition_variable"": ""median_home_price"",
  ""condition_value"": 0.93
}"
63,63,3,"Concerning the data in housing_market.csv, what magnitude of impact do changes in mortgage rates (interest_rate) have on vacancy rates when analyzing houses grouped by a median home price (median_home_price) of 0.93?","{'causal_problem': ['CEL', 'HTE'], 'dataset': ['housing_market.csv'], 'treatment': ['interest_rate'], 'response': ['vacancy_rates'], 'condition': [('median_home_price', 0.93)]}",step1,heterogeneous_treatment_effect,"{
  ""dataset"": ""housing_market.csv"",
  ""treatment"": ""interest_rate"",
  ""outcome"": ""vacancy_rate"",
  ""condition_variable"": ""median_home_price"",
  ""condition_value"": 0.93
}"
64,64,4,"Focusing on the subgroup of properties with a median home price (median_home_price) of 0.93 in housing_market.csv, how does the modification of mortgage rates (interest_rate) reflect on the subsequent vacancy rates?","{'causal_problem': ['CEL', 'HTE'], 'dataset': ['housing_market.csv'], 'treatment': ['interest_rate'], 'response': ['vacancy_rates'], 'condition': [('median_home_price', 0.93)]}",step1,heterogeneous_treatment_effect,"{
  ""dataset"": ""housing_market.csv"",
  ""treatment"": ""interest_rate"",
  ""outcome"": ""vacancy_rates"",
  ""condition_variable"": ""median_home_price"",
  ""condition_value"": 0.93
}"
65,65,5,"How does having a party membership (affiliation_party) influence the number of legislation passed according to the political_engagement.csv dataset, specifically when political rallies attendance is set at 0.26 (political_attendance=0.26)?","{'causal_problem': ['CEL', 'HTE'], 'dataset': ['political_engagement.csv'], 'treatment': ['affiliation_party'], 'response': ['legislation_passed'], 'condition': [('political_attendance', 0.26)]}",step1,heterogeneous_treatment_effect,"{
  ""dataset"": ""political_engagement.csv"",
  ""treatment"": ""affiliation_party"",
  ""outcome"": ""legislation_passed"",
  ""condition_variable"": ""political_attendance"",
  ""condition_value"": 0.26
}"
66,66,6,"In the context of the political_engagement.csv, can we see a notable impact on the legislation passed attributable to party membership (affiliation_party) among those with a political rallies attendance score of 0.26 (political_attendance=0.26)?","{'causal_problem': ['CEL', 'HTE'], 'dataset': ['political_engagement.csv'], 'treatment': ['affiliation_party'], 'response': ['legislation_passed'], 'condition': [('political_attendance', 0.26)]}",step1,heterogeneous_treatment_effect,"{
  ""dataset"": ""political_engagement.csv"",
  ""treatment"": ""affiliation_party"",
  ""outcome"": ""legislation_passed"",
  ""condition_variable"": ""political_attendance"",
  ""condition_value"": 0.26
}"
67,67,7,"What effect does party membership (affiliation_party) have on the effectiveness of the legislation passed in situations where political rallies attendance is consistently at 0.26 (political_attendance=0.26), as shown in the political_engagement.csv dataset?","{'causal_problem': ['CEL', 'HTE'], 'dataset': ['political_engagement.csv'], 'treatment': ['affiliation_party'], 'response': ['legislation_passed'], 'condition': [('political_attendance', 0.26)]}",step1,heterogeneous_treatment_effect,"{
  ""dataset"": ""political_engagement.csv"",
  ""treatment"": ""affiliation_party"",
  ""outcome"": ""effectiveness_legislation"",
  ""condition_variable"": ""political_attendance"",
  ""condition_value"": 0.26
}"
68,68,8,Does party membership (affiliation_party) significantly alter the legislation passed within the political_engagement.csv when assessing groups with a political rallies attendance of 0.26 (political_attendance=0.26)?,"{'causal_problem': ['CEL', 'HTE'], 'dataset': ['political_engagement.csv'], 'treatment': ['affiliation_party'], 'response': ['legislation_passed'], 'condition': [('political_attendance', 0.26)]}",step1,heterogeneous_treatment_effect,"{
  ""dataset"": ""political_engagement.csv"",
  ""treatment"": ""affiliation_party"",
  ""outcome"": ""legislation_passed"",
  ""condition_variable"": ""political_attendance"",
  ""condition_value"": 0.26
}"
69,69,9,"Is there a discernible difference in the number of legislation passed due to party membership (affiliation_party) in the political_engagement.csv, under the condition where individuals attend political rallies attendance at a rate of 0.26 (political_attendance=0.26)?","{'causal_problem': ['CEL', 'HTE'], 'dataset': ['political_engagement.csv'], 'treatment': ['affiliation_party'], 'response': ['legislation_passed'], 'condition': [('political_attendance', 0.26)]}",step1,heterogeneous_treatment_effect,"{
  ""dataset"": ""political_engagement.csv"",
  ""treatment"": ""affiliation_party"",
  ""outcome"": ""legislation_passed"",
  ""condition_variable"": ""political_attendance"",
  ""condition_value"": 0.26
}"
70,70,10," Looking at the public_health.csv dataset, what can we understand about the changes in vaccination rates (vaccination_rate) when disease incidence is taken into account, given that life expectancy stands at an average_lifespan of 0.77?","{'causal_problem': ['CEL', 'HTE'], 'dataset': ['public_health.csv'], 'treatment': ['disease_incidence'], 'response': ['vaccination_rate'], 'condition': [('average_lifespan', 0.77)]}",step1,heterogeneous_treatment_effect,"{
  ""dataset"": ""public_health.csv"",
  ""treatment"": ""disease_incidence"",
  ""outcome"": ""vaccination_rate"",
  ""condition_variable"": ""average_lifespan"",
  ""condition_value"": 0.77
}"
71,71,11,"In the context of the public_health.csv dataset, how does the introduction of disease incidence influence vaccination rates (vaccination_rate) when we focus on a subset with an life expectancy, or average_lifespan, of 0.77?","{'causal_problem': ['CEL', 'HTE'], 'dataset': ['public_health.csv'], 'treatment': ['disease_incidence'], 'response': ['vaccination_rate'], 'condition': [('average_lifespan', 0.77)]}",step1,heterogeneous_treatment_effect,"{
  ""dataset"": ""public_health.csv"",
  ""treatment"": ""disease_incidence"",
  ""outcome"": ""vaccination_rate"",
  ""condition_variable"": ""average_lifespan"",
  ""condition_value"": 0.77
}"
72,72,12,"Can we see noticeable shifts in vaccination rates (vaccination_rate) as a result of varying disease incidence, when examining the data for a group with an life expectancy (average_lifespan) of 0.77, according to the public_health.csv?","{'causal_problem': ['CEL', 'HTE'], 'dataset': ['public_health.csv'], 'treatment': ['disease_incidence'], 'response': ['vaccination_rate'], 'condition': [('average_lifespan', 0.77)]}",step1,heterogeneous_treatment_effect,"{
  ""dataset"": ""public_health.csv"",
  ""treatment"": ""disease_incidence"",
  ""outcome"": ""vaccination_rate"",
  ""condition_variable"": ""average_lifespan"",
  ""condition_value"": 0.77
}"
73,73,13,"When analyzing the public_health.csv data, what kind of difference does the disease incidence make on vaccination rates (vaccination_rate) among populations characterized by an life expectancy (average_lifespan) of 0.77?","{'causal_problem': ['CEL', 'HTE'], 'dataset': ['public_health.csv'], 'treatment': ['disease_incidence'], 'response': ['vaccination_rate'], 'condition': [('average_lifespan', 0.77)]}",step1,heterogeneous_treatment_effect,"{
  ""dataset"": ""public_health.csv"",
  ""treatment"": ""disease_incidence"",
  ""outcome"": ""vaccination_rate"",
  ""condition_variable"": ""average_lifespan"",
  ""condition_value"": 0.77
}"
74,74,14," From the information in public_health.csv, what effect does disease incidence have on the vaccination rates (vaccination_rate) when we specifically look at groups with a life expectancy benchmarked at average_lifespan 0.77?","{'causal_problem': ['CEL', 'HTE'], 'dataset': ['public_health.csv'], 'treatment': ['disease_incidence'], 'response': ['vaccination_rate'], 'condition': [('average_lifespan', 0.77)]}",step1,heterogeneous_treatment_effect,"{
  ""dataset"": ""public_health.csv"",
  ""treatment"": ""disease_incidence"",
  ""outcome"": ""vaccination_rate"",
  ""condition_variable"": ""average_lifespan"",
  ""condition_value"": 0.77
}"
75,75,15,How does consumer spending (customer_expenditure) respond to shifts in retail revenue in the retail_sales.csv data when product demand (demand_level) is held steady at a level of 0.85?,"{'causal_problem': ['CEL', 'HTE'], 'dataset': ['retail_sales.csv'], 'treatment': ['retail_revenue'], 'response': ['customer_expenditure'], 'condition': [('demand_level', 0.85)]}",step1,heterogeneous_treatment_effect,"{
  ""dataset"": ""retail_sales.csv"",
  ""treatment"": ""retail_revenue"",
  ""outcome"": ""customer_expenditure"",
  ""condition_variable"": ""demand_level"",
  ""condition_value"": 0.85
}"
76,76,16,Can we observe significant changes in consumer spending (customer_expenditure) as a result of varying retail revenue if we look at cases in the retail_sales.csv where product demand (demand_level) remains fixed at 0.85?,"{'causal_problem': ['CEL', 'HTE'], 'dataset': ['retail_sales.csv'], 'treatment': ['retail_revenue'], 'response': ['customer_expenditure'], 'condition': [('demand_level', 0.85)]}",step1,heterogeneous_treatment_effect,"{
  ""dataset"": ""retail_sales.csv"",
  ""treatment"": ""retail_revenue"",
  ""outcome"": ""customer_expenditure"",
  ""condition_variable"": ""demand_level"",
  ""condition_value"": 0.85
}"
77,77,17,"When examining the retail_sales.csv dataset, what degree of change is noticed in consumer spending (customer_expenditure) when retail revenue is adjusted, given that the product demand (demand_level) is set at 0.85?","{'causal_problem': ['CEL', 'HTE'], 'dataset': ['retail_sales.csv'], 'treatment': ['retail_revenue'], 'response': ['customer_expenditure'], 'condition': [('demand_level', 0.85)]}",step1,heterogeneous_treatment_effect,"{
  ""dataset"": ""retail_sales.csv"",
  ""treatment"": ""retail_revenue"",
  ""outcome"": ""customer_expenditure"",
  ""condition_variable"": ""demand_level"",
  ""condition_value"": 0.85
}"
78,78,18,"In situations where the retail_sales.csv dataset shows a product demand level (demand_level) of 0.85, what can we infer about the influence of retail revenue on consumer spending (customer_expenditure)?","{'causal_problem': ['CEL', 'HTE'], 'dataset': ['retail_sales.csv'], 'treatment': ['retail_revenue'], 'response': ['customer_expenditure'], 'condition': [('demand_level', 0.85)]}",step1,heterogeneous_treatment_effect,"{
  ""dataset"": ""retail_sales.csv"",
  ""treatment"": ""retail_revenue"",
  ""outcome"": ""customer_expenditure"",
  ""condition_variable"": ""demand_level"",
  ""condition_value"": 0.85
}"
79,79,19,"Across the retail_sales.csv dataset, with product demand constrained to a demand level (demand_level) of 0.85, what impacts on consumer spending (customer_expenditure) are detected when retail revenue experiences changes?","{'causal_problem': ['CEL', 'HTE'], 'dataset': ['retail_sales.csv'], 'treatment': ['retail_revenue'], 'response': ['customer_expenditure'], 'condition': [('demand_level', 0.85)]}",step1,heterogeneous_treatment_effect,"{
  ""dataset"": ""retail_sales.csv"",
  ""treatment"": ""retail_revenue"",
  ""outcome"": ""customer_expenditure"",
  ""condition_variable"": ""demand_level"",
  ""condition_value"": 0.85
}"
80,80,20,How does the innovation rate influence the total number of product releases (total_releases) in the consumer_electronics.csv dataset when user satisfaction (customer_satisfaction) is held at a level of 0.46?,"{'causal_problem': ['CEL', 'HTE'], 'dataset': ['consumer_electronics.csv'], 'treatment': ['innovation_rate'], 'response': ['total_releases'], 'condition': [('customer_satisfaction', 0.46)]}",step1,heterogeneous_treatment_effect,"{
  ""dataset"": ""consumer_electronics.csv"",
  ""treatment"": ""innovation_rate"",
  ""outcome"": ""total_releases"",
  ""condition_variable"": ""customer_satisfaction"",
  ""condition_value"": 0.46
}"
81,81,21,"In light of the consumer_electronics.csv data, can we see a noticeable impact on product releases (total_releases) when the innovation rate is adjusted, given that user satisfaction (customer_satisfaction) remains constant at 0.46?","{'causal_problem': ['CEL', 'HTE'], 'dataset': ['consumer_electronics.csv'], 'treatment': ['innovation_rate'], 'response': ['total_releases'], 'condition': [('customer_satisfaction', 0.46)]}",step1,heterogeneous_treatment_effect,"{
  ""dataset"": ""consumer_electronics.csv"",
  ""treatment"": ""innovation_rate"",
  ""outcome"": ""total_releases"",
  ""condition_variable"": ""customer_satisfaction"",
  ""condition_value"": 0.46
}"
82,82,22,"What effect does varying the innovation rate have on the volume of product releases (total_releases) recorded in the consumer_electronics.csv, under the specific condition where user satisfaction (customer_satisfaction) is at 0.46?","{'causal_problem': ['CEL', 'HTE'], 'dataset': ['consumer_electronics.csv'], 'treatment': ['innovation_rate'], 'response': ['total_releases'], 'condition': [('customer_satisfaction', 0.46)]}",step1,heterogeneous_treatment_effect,"{
  ""dataset"": ""consumer_electronics.csv"",
  ""treatment"": ""innovation_rate"",
  ""outcome"": ""total_releases"",
  ""condition_variable"": ""customer_satisfaction"",
  ""condition_value"": 0.46
}"
83,83,23,"When examining the consumer_electronics.csv, what can be inferred about the change in product releases (total_releases) as a result of shifts in the innovation rate, while maintaining user satisfaction (customer_satisfaction) at the 0.46 benchmark?","{'causal_problem': ['CEL', 'HTE'], 'dataset': ['consumer_electronics.csv'], 'treatment': ['innovation_rate'], 'response': ['total_releases'], 'condition': [('customer_satisfaction', 0.46)]}",step1,heterogeneous_treatment_effect,"{
  ""dataset"": ""consumer_electronics.csv"",
  ""treatment"": ""innovation_rate"",
  ""outcome"": ""total_releases"",
  ""condition_variable"": ""customer_satisfaction"",
  ""condition_value"": 0.46
}"
84,84,24,"Considering the consumer_electronics.csv, how might the innovation rate drive changes in product releases (total_releases), especially when taking into account a user satisfaction (customer_satisfaction) score of 0.46?","{'causal_problem': ['CEL', 'HTE'], 'dataset': ['consumer_electronics.csv'], 'treatment': ['innovation_rate'], 'response': ['total_releases'], 'condition': [('customer_satisfaction', 0.46)]}",step1,heterogeneous_treatment_effect,"{
  ""dataset"": ""consumer_electronics.csv"",
  ""treatment"": ""innovation_rate"",
  ""outcome"": ""total_releases"",
  ""condition_variable"": ""customer_satisfaction"",
  ""condition_value"": 0.46
}"
85,85,25,"How does the voter turnout influence campaign donations when the legislation passed (laws_enacted) measure is at 0.85, as shown in the political_engagement.csv dataset?","{'causal_problem': ['CEL', 'HTE'], 'dataset': ['political_engagement.csv'], 'treatment': ['voter_turnout'], 'response': ['campaign_donations'], 'condition': [('laws_enacted', 0.85)]}",step1,heterogeneous_treatment_effect,"{
  ""dataset"": ""political_engagement.csv"",
  ""treatment"": ""voter_turnout"",
  ""outcome"": ""campaign_donations"",
  ""condition_variable"": ""laws_enacted"",
  ""condition_value"": 0.85
}"
86,86,26,"Can we observe a noticeable change in campaign donations due to varying levels of voter turnout within the political_engagement.csv file, specifically when legislation passed (laws_enacted) is fixed at 0.85?","{'causal_problem': ['CEL', 'HTE'], 'dataset': ['political_engagement.csv'], 'treatment': ['voter_turnout'], 'response': ['campaign_donations'], 'condition': [('laws_enacted', 0.85)]}",step1,heterogeneous_treatment_effect,"{
  ""dataset"": ""political_engagement.csv"",
  ""treatment"": ""voter_turnout"",
  ""outcome"": ""campaign_donations"",
  ""condition_variable"": ""laws_enacted"",
  ""condition_value"": 0.85
}"
87,87,27,"Looking at the data in political_engagement.csv, what can we say about the impact of voter turnout on campaign donations when the group variable of legislation passed (laws_enacted) remains at the level of 0.85?","{'causal_problem': ['CEL', 'HTE'], 'dataset': ['political_engagement.csv'], 'treatment': ['voter_turnout'], 'response': ['campaign_donations'], 'condition': [('laws_enacted', 0.85)]}",step1,heterogeneous_treatment_effect,"{
  ""dataset"": ""political_engagement.csv"",
  ""treatment"": ""voter_turnout"",
  ""outcome"": ""campaign_donations"",
  ""condition_variable"": ""laws_enacted"",
  ""condition_value"": 0.85
}"
88,88,28,"From the information in political_engagement.csv, what effect does voter turnout have on the amount of campaign donations received, given that legislation passed (laws_enacted) is at a steady rate of 0.85?","{'causal_problem': ['CEL', 'HTE'], 'dataset': ['political_engagement.csv'], 'treatment': ['voter_turnout'], 'response': ['campaign_donations'], 'condition': [('laws_enacted', 0.85)]}",step1,heterogeneous_treatment_effect,"{
  ""dataset"": ""political_engagement.csv"",
  ""treatment"": ""voter_turnout"",
  ""outcome"": ""campaign_donations_received"",
  ""condition_variable"": ""laws_enacted"",
  ""condition_value"": 0.85
}"
89,89,29,"According to the political_engagement.csv, how are campaign donations affected by changes in voter turnout, while keeping the condition of legislation passed (laws_enacted) at a constant value of 0.85?","{'causal_problem': ['CEL', 'HTE'], 'dataset': ['political_engagement.csv'], 'treatment': ['voter_turnout'], 'response': ['campaign_donations'], 'condition': [('laws_enacted', 0.85)]}",step1,heterogeneous_treatment_effect,"{
  ""dataset"": ""political_engagement.csv"",
  ""treatment"": ""voter_turnout"",
  ""outcome"": ""campaign_donations"",
  ""condition_variable"": ""laws_enacted"",
  ""condition_value"": 0.85
}"
90,90,0," In what way does the mediator, vacancy rates, contribute to the impact that mortgage rates (interest_rate) have on the median home price according to the housing_market.csv dataset?","{'causal_problem': ['CEL', 'MA'], 'dataset': ['housing_market.csv'], 'treatment': ['interest_rate'], 'response': ['median_home_price'], 'mediator': ['vacancy_rates']}",step1,mediation_analysis,"{
  ""dataset"": ""housing_market.csv"",
  ""treatment"": ""interest_rate"",
  ""outcome"": ""median_home_price"",
  ""mediator"": ""vacancy_rates""
}"
91,91,1, Can we determine the degree to which vacancy rates serve as an intermediary in the relationship between mortgage rates (interest_rate) and median home price as observed in the housing_market.csv data?,"{'causal_problem': ['CEL', 'MA'], 'dataset': ['housing_market.csv'], 'treatment': ['interest_rate'], 'response': ['median_home_price'], 'mediator': ['vacancy_rates']}",step1,mediation_analysis,"{
  ""dataset"": ""housing_market.csv"",
  ""treatment"": ""interest_rate"",
  ""outcome"": ""median_home_price"",
  ""mediator"": ""vacancy_rates""
}"
92,92,2," What role does the presence of vacancy rates play in the process by which mortgage rates (interest_rate) affect the median home price, based on the information from housing_market.csv?","{'causal_problem': ['CEL', 'MA'], 'dataset': ['housing_market.csv'], 'treatment': ['interest_rate'], 'response': ['median_home_price'], 'mediator': ['vacancy_rates']}",step1,mediation_analysis,"{
  ""dataset"": ""housing_market.csv"",
  ""treatment"": ""interest_rate"",
  ""outcome"": ""median_home_price"",
  ""mediator"": ""vacancy_rates""
}"
93,93,3, How does the housing_market.csv dataset clarify the extent to which vacancy rates drive the effect that mortgage rates (interest_rate) exert on the median home price?,"{'causal_problem': ['CEL', 'MA'], 'dataset': ['housing_market.csv'], 'treatment': ['interest_rate'], 'response': ['median_home_price'], 'mediator': ['vacancy_rates']}",step1,mediation_analysis,"{
  ""dataset"": ""housing_market.csv"",
  ""treatment"": ""interest_rate"",
  ""outcome"": ""median_home_price"",
  ""mediator"": ""vacancy_rates""
}"
94,94,4," Within the context of the housing_market.csv file, to what extent are changes in the median home price a result of mortgage rates (interest_rate) acting through the mediator known as vacancy rates?","{'causal_problem': ['CEL', 'MA'], 'dataset': ['housing_market.csv'], 'treatment': ['interest_rate'], 'response': ['median_home_price'], 'mediator': ['vacancy_rates']}",step1,mediation_analysis,"{
  ""dataset"": ""housing_market.csv"",
  ""treatment"": ""interest_rate"",
  ""outcome"": ""median_home_price"",
  ""mediator"": ""vacancy_rates""
}"
95,95,5," In the political_engagement.csv data, can we determine how much of the change in campaign donations due to political rallies attendance is actually because of the voter turnout (participation_rate)?","{'causal_problem': ['CEL', 'MA'], 'dataset': ['political_engagement.csv'], 'treatment': ['political_rallies_attendance'], 'response': ['campaign_donations'], 'mediator': ['participation_rate']}",step1,mediation_analysis,"{
  ""dataset"": ""political_engagement.csv"",
  ""treatment"": ""political_rallies_attendance"",
  ""outcome"": ""campaign_donations"",
  ""mediator"": ""participation_rate""
}"
96,96,6,"How significantly does the voter turnout (participation_rate) function as a go-between for political rallies attendance and its influence on campaign donations, as seen in the political_engagement.csv information?","{'causal_problem': ['CEL', 'MA'], 'dataset': ['political_engagement.csv'], 'treatment': ['political_rallies_attendance'], 'response': ['campaign_donations'], 'mediator': ['participation_rate']}",step1,mediation_analysis,"{
  ""dataset"": ""political_engagement.csv"",
  ""treatment"": ""political_rallies_attendance"",
  ""outcome"": ""campaign_donations"",
  ""mediator"": ""participation_rate""
}"
97,97,7, Is there clear evidence from the political_engagement.csv to suggest that voter turnout (participation_rate) is the key factor carrying the effect from political rallies attendance to the increase or decrease in campaign donations?,"{'causal_problem': ['CEL', 'MA'], 'dataset': ['political_engagement.csv'], 'treatment': ['political_rallies_attendance'], 'response': ['campaign_donations'], 'mediator': ['participation_rate']}",step1,mediation_analysis,"{
  ""dataset"": ""political_engagement.csv"",
  ""treatment"": ""political_rallies_attendance"",
  ""outcome"": ""campaign_donations"",
  ""mediator"": ""participation_rate""
}"
98,98,8," Can we calculate the actual effect political rallies attendance has on campaign donations without the mediating role of voter turnout (participation_rate), using the data from political_engagement.csv?","{'causal_problem': ['CEL', 'MA'], 'dataset': ['political_engagement.csv'], 'treatment': ['political_rallies_attendance'], 'response': ['campaign_donations'], 'mediator': ['participation_rate']}",step1,mediation_analysis,"{
  ""dataset"": ""political_engagement.csv"",
  ""treatment"": ""rally_attendance"",
  ""outcome"": ""campaign_donations"",
  ""mediator"": ""participation_rate""
}"
99,99,9," Looking into the political_engagement.csv, how much campaign donations can be accounted for through the impact of political rallies attendance when considering the role of voter turnout (participation_rate) in this relationship?","{'causal_problem': ['CEL', 'MA'], 'dataset': ['political_engagement.csv'], 'treatment': ['political_rallies_attendance'], 'response': ['campaign_donations'], 'mediator': ['participation_rate']}",step1,mediation_analysis,"{
  ""dataset"": ""political_engagement.csv"",
  ""treatment"": ""political_rallies_attendance"",
  ""outcome"": ""campaign_donations"",
  ""mediator"": ""participation_rate""
}"
100,100,10," In the data from public_health.csv, to what extent does the presence of obesity rates influence the relationship between life expectancy and hospital beds per capita? ","{'causal_problem': ['CEL', 'MA'], 'dataset': ['public_health.csv'], 'treatment': ['life_expectancy'], 'response': ['hospital_beds_per_capita'], 'mediator': ['obesity_rates']}",step1,mediation_analysis,"{
  ""dataset"": ""public_health.csv"",
  ""treatment"": ""hospital_beds_per_capita"",
  ""outcome"": ""life_expectancy"",
  ""mediator"": ""obesity_rates""
}"
101,101,11, Can we establish from the public_health.csv dataset how much of life expectancy's impact on hospital beds per capita might be attributed to changes in obesity rates?,"{'causal_problem': ['CEL', 'MA'], 'dataset': ['public_health.csv'], 'treatment': ['life_expectancy'], 'response': ['hospital_beds_per_capita'], 'mediator': ['obesity_rates']}",step1,mediation_analysis,"{
  ""dataset"": ""public_health.csv"",
  ""treatment"": ""life_expectancy"",
  ""outcome"": ""hospital_beds_per_capita"",
  ""mediator"": ""obesity_rates""
}"
102,102,12, How significant is the role of obesity rates in shaping the effect that life expectancy has on the number of hospital beds per capita according to the information in public_health.csv?,"{'causal_problem': ['CEL', 'MA'], 'dataset': ['public_health.csv'], 'treatment': ['life_expectancy'], 'response': ['hospital_beds_per_capita'], 'mediator': ['obesity_rates']}",step1,mediation_analysis,"{
  ""dataset"": ""public_health.csv"",
  ""treatment"": ""obesity_rates"",
  ""outcome"": ""hospital_beds_per_capita"",
  ""mediator"": ""life_expectancy""
}"
103,103,13," When assessing the public_health.csv, how substantial is the influence of obesity rates in mediating the effect life expectancy has on the allocation of hospital beds per capita?","{'causal_problem': ['CEL', 'MA'], 'dataset': ['public_health.csv'], 'treatment': ['life_expectancy'], 'response': ['hospital_beds_per_capita'], 'mediator': ['obesity_rates']}",step1,mediation_analysis,"{
  ""dataset"": ""public_health.csv"",
  ""treatment"": ""life_expectancy"",
  ""outcome"": ""hospital_beds_per_capita"",
  ""mediator"": ""obesity_rates""
}"
104,104,14," Based on the findings in public_health.csv, does the mediator variable obesity rates carry a notable portion of the influence that life expectancy exerts on hospital beds per capita?","{'causal_problem': ['CEL', 'MA'], 'dataset': ['public_health.csv'], 'treatment': ['life_expectancy'], 'response': ['hospital_beds_per_capita'], 'mediator': ['obesity_rates']}",step1,mediation_analysis,"{
  ""dataset"": ""public_health.csv"",
  ""treatment"": ""life_expectancy"",
  ""outcome"": ""hospital_beds_per_capita"",
  ""mediator"": ""obesity_rates""
}"
105,105,15," In examining the retail_sales.csv dataset, to what extent does consumer spending (expenditure) drive the relationship between product demand and retail revenue?","{'causal_problem': ['CEL', 'MA'], 'dataset': ['retail_sales.csv'], 'treatment': ['product_demand'], 'response': ['retail_revenue'], 'mediator': ['expenditure']}",step1,mediation_analysis,"{
  ""dataset"": ""retail_sales.csv"",
  ""treatment"": ""product_demand"",
  ""outcome"": ""retail_revenue"",
  ""mediator"": ""expenditure""
}"
106,106,16, Can we assess the degree to which consumer spending (expenditure) accounts for the influence of product demand on retail revenue in the retail_sales.csv?,"{'causal_problem': ['CEL', 'MA'], 'dataset': ['retail_sales.csv'], 'treatment': ['product_demand'], 'response': ['retail_revenue'], 'mediator': ['expenditure']}",step1,mediation_analysis,"{
  ""dataset"": ""retail_sales.csv"",
  ""treatment"": ""product_demand"",
  ""outcome"": ""retail_revenue"",
  ""mediator"": ""consumer_spending""
}"
107,107,17, How significantly does consumer spending (expenditure) act as an intermediary in the effect of product demand on retail revenue according to the data in retail_sales.csv?,"{'causal_problem': ['CEL', 'MA'], 'dataset': ['retail_sales.csv'], 'treatment': ['product_demand'], 'response': ['retail_revenue'], 'mediator': ['expenditure']}",step1,mediation_analysis,"{
  ""dataset"": ""retail_sales.csv"",
  ""treatment"": ""product_demand"",
  ""outcome"": ""retail_revenue"",
  ""mediator"": ""consumer_spending_expenditure""
}"
108,108,18," When analyzing the retail_sales.csv, what role does consumer spending (expenditure) play in mediating how product demand translates into changes in retail revenue?","{'causal_problem': ['CEL', 'MA'], 'dataset': ['retail_sales.csv'], 'treatment': ['product_demand'], 'response': ['retail_revenue'], 'mediator': ['expenditure']}",step1,mediation_analysis,"{
  ""dataset"": ""retail_sales.csv"",
  ""treatment"": ""product_demand"",
  ""outcome"": ""retail_revenue"",
  ""mediator"": ""consumer_spending_expenditure""
}"
109,109,19," Within the context of retail_sales.csv, is it possible to measure the extent to which consumer spending (expenditure) carries the impact from product demand to retail revenue?","{'causal_problem': ['CEL', 'MA'], 'dataset': ['retail_sales.csv'], 'treatment': ['product_demand'], 'response': ['retail_revenue'], 'mediator': ['expenditure']}",step1,mediation_analysis,"{
  ""dataset"": ""retail_sales.csv"",
  ""treatment"": ""product_demand"",
  ""outcome"": ""retail_revenue"",
  ""mediator"": ""expenditure""
}"
110,110,20, How does the product releases variable within the consumer_electronics.csv dataset serve as a pathway that potentially expands or limits the influence of the innovation rate (innovation_index) on sector market share (sector_market_share)?,"{'causal_problem': ['CEL', 'MA'], 'dataset': ['consumer_electronics.csv'], 'treatment': ['innovation_index'], 'response': ['sector_market_share'], 'mediator': ['releases']}",step1,mediation_analysis,"{
  ""dataset"": ""consumer_electronics.csv"",
  ""treatment"": ""innovation_index"",
  ""outcome"": ""sector_market_share"",
  ""mediator"": ""product_releases""
}"
111,111,21," In examining the consumer_electronics.csv data, can we quantify how much product releases contribute to the way innovation rate (innovation_index) impacts sector market share (sector_market_share)?","{'causal_problem': ['CEL', 'MA'], 'dataset': ['consumer_electronics.csv'], 'treatment': ['innovation_index'], 'response': ['sector_market_share'], 'mediator': ['releases']}",step1,mediation_analysis,"{
  ""dataset"": ""consumer_electronics.csv"",
  ""treatment"": ""product_releases"",
  ""outcome"": ""sector_market_share"",
  ""mediator"": ""innovation_index""
}"
112,112,22, Can we assess from the consumer_electronics.csv the magnitude to which product releases act as an intermediary in the relationship between innovation rate (innovation_index) and its effect on sector market share (sector_market_share)?,"{'causal_problem': ['CEL', 'MA'], 'dataset': ['consumer_electronics.csv'], 'treatment': ['innovation_index'], 'response': ['sector_market_share'], 'mediator': ['releases']}",step1,mediation_analysis,"{
  ""dataset"": ""consumer_electronics.csv"",
  ""treatment"": ""innovation_index"",
  ""outcome"": ""sector_market_share"",
  ""mediator"": ""product_releases""
}"
113,113,23," When analyzing the consumer_electronics.csv, to what extent do product releases play a part in mediating the effect that innovation rate (innovation_index) has on changing sector market share (sector_market_share)?","{'causal_problem': ['CEL', 'MA'], 'dataset': ['consumer_electronics.csv'], 'treatment': ['innovation_index'], 'response': ['sector_market_share'], 'mediator': ['releases']}",step1,mediation_analysis,"{
  ""dataset"": ""consumer_electronics.csv"",
  ""treatment"": ""innovation_index"",
  ""outcome"": ""sector_market_share"",
  ""mediator"": ""product_releases""
}"
114,114,24," Regarding the insights from consumer_electronics.csv, how can we disentangle the direct effects of innovation rate (innovation_index) on sector market share (sector_market_share) from the effects channeled through product releases?","{'causal_problem': ['CEL', 'MA'], 'dataset': ['consumer_electronics.csv'], 'treatment': ['innovation_index'], 'response': ['sector_market_share'], 'mediator': ['releases']}",step1,mediation_analysis,"{
  ""dataset"": ""consumer_electronics.csv"",
  ""treatment"": ""innovation_index"",
  ""outcome"": ""sector_market_share"",
  ""mediator"": ""product_releases""
}"
115,115,25,"How significant is voter turnout in explaining why campaign donations (campaign_donations) influence political rallies attendance (attendance_numbers), as shown by the political_engagement.csv data?","{'causal_problem': ['CEL', 'MA'], 'dataset': ['political_engagement.csv'], 'treatment': ['campaign_donations'], 'response': ['attendance_numbers'], 'mediator': ['voter_turnout']}",step1,mediation_analysis,"{
  ""dataset"": ""political_engagement.csv"",
  ""treatment"": ""campaign_donations"",
  ""outcome"": ""attendance_numbers"",
  ""mediator"": ""voter_turnout""
}"
116,116,26,"In the analysis of political_engagement.csv, can we determine the extent to which voter turnout serves as a bridge between campaign donations (campaign_donations) and the number of political rallies attendance (attendance_numbers)?","{'causal_problem': ['CEL', 'MA'], 'dataset': ['political_engagement.csv'], 'treatment': ['campaign_donations'], 'response': ['attendance_numbers'], 'mediator': ['voter_turnout']}",step1,mediation_analysis,"{
  ""dataset"": ""political_engagement.csv"",
  ""treatment"": ""campaign_donations"",
  ""outcome"": ""attendance_numbers"",
  ""mediator"": ""voter_turnout""
}"
117,117,27," What role does voter turnout play in the effect that campaign donations (campaign_donations) have on political rallies attendance (attendance_numbers), according to the information in political_engagement.csv?","{'causal_problem': ['CEL', 'MA'], 'dataset': ['political_engagement.csv'], 'treatment': ['campaign_donations'], 'response': ['attendance_numbers'], 'mediator': ['voter_turnout']}",step1,mediation_analysis,"{
  ""dataset"": ""political_engagement.csv"",
  ""treatment"": ""campaign_donations"",
  ""outcome"": ""attendance_numbers"",
  ""mediator"": ""voter_turnout""
}"
118,118,28,"Is voter turnout a major factor in the relationship between campaign donations (campaign_donations) and political rallies attendance (attendance_numbers), when examining the political_engagement.csv dataset?","{'causal_problem': ['CEL', 'MA'], 'dataset': ['political_engagement.csv'], 'treatment': ['campaign_donations'], 'response': ['attendance_numbers'], 'mediator': ['voter_turnout']}",step1,mediation_analysis,"{
  ""dataset"": ""political_engagement.csv"",
  ""treatment"": ""campaign_donations"",
  ""outcome"": ""attendance_numbers"",
  ""mediator"": ""voter_turnout""
}"
119,119,29,"To what degree does voter turnout contribute to the change in political rallies attendance (attendance_numbers) as a result of campaign donations (campaign_donations), according to the findings from political_engagement.csv?","{'causal_problem': ['CEL', 'MA'], 'dataset': ['political_engagement.csv'], 'treatment': ['campaign_donations'], 'response': ['attendance_numbers'], 'mediator': ['voter_turnout']}",step1,mediation_analysis,"{
  ""dataset"": ""political_engagement.csv"",
  ""treatment"": ""campaign_donations"",
  ""outcome"": ""attendance_numbers"",
  ""mediator"": ""voter_turnout""
}"
120,120,0,"Looking at the housing_market.csv data, when the vacancy rates is at 0.07 (empty_units_rate=0.07), what should be the ideal median home price (home_price) to aim for that could influence the mortgage rates (home_loan_rate) favorably?","{'causal_problem': ['CPL', None], 'dataset': ['housing_market.csv'], 'treatment': ['home_price'], 'response': ['home_loan_rate'], 'condition': [('empty_units_rate', 0.07)]}",step1,causal_policy_learning,"{
  ""dataset"": ""housing_market.csv"",
  ""treatment"": ""home_price"",
  ""outcome"": ""home_loan_rate"",
  ""condition_variable"": ""empty_units_rate"",
  ""condition_value"": 0.07
}"
121,121,1," With the current vacancy rates sitting at 0.07 (empty_units_rate=0.07) in the housing_market.csv dataset, what median home price (home_price) might we consider to potentially affect mortgage rates (home_loan_rate) in a positive manner?","{'causal_problem': ['CPL', None], 'dataset': ['housing_market.csv'], 'treatment': ['home_price'], 'response': ['home_loan_rate'], 'condition': [('empty_units_rate', 0.07)]}",step1,causal_policy_learning,"{
  ""dataset"": ""housing_market.csv"",
  ""treatment"": ""home_price"",
  ""outcome"": ""home_loan_rate"",
  ""condition_variable"": ""empty_units_rate"",
  ""condition_value"": 0.07
}"
122,122,2,"In light of the housing_market.csv, what median home price (home_price) adjustment would be most prudent to potentially counteract the effects on mortgage rates (home_loan_rate) when dealing with a vacancy rates of 0.07 (empty_units_rate=0.07)?","{'causal_problem': ['CPL', None], 'dataset': ['housing_market.csv'], 'treatment': ['home_price'], 'response': ['home_loan_rate'], 'condition': [('empty_units_rate', 0.07)]}",step1,causal_policy_learning,"{
  ""dataset"": ""housing_market.csv"",
  ""treatment"": ""home_price"",
  ""outcome"": ""home_loan_rate"",
  ""condition_variable"": ""empty_units_rate"",
  ""condition_value"": 0.07
}"
123,123,3," Given the situation in the housing_market.csv where vacancy rates are 0.07 (empty_units_rate=0.07), can you suggest a median home price (home_price) that could be conducive to maintaining competitive mortgage rates (home_loan_rate)?","{'causal_problem': ['CPL', None], 'dataset': ['housing_market.csv'], 'treatment': ['home_price'], 'response': ['home_loan_rate'], 'condition': [('empty_units_rate', 0.07)]}",step1,causal_policy_learning,"{
  ""dataset"": ""housing_market.csv"",
  ""treatment"": ""home_price"",
  ""outcome"": ""home_loan_rate"",
  ""condition_variable"": ""empty_units_rate"",
  ""condition_value"": 0.07
}"
124,124,4,"Using the housing_market.csv as a reference, what guidance is there on setting an appropriate median home price (home_price) to potentially respond to mortgage rates (home_loan_rate) when faced with a vacancy rates challenge of 0.07 (empty_units_rate=0.07)?","{'causal_problem': ['CPL', None], 'dataset': ['housing_market.csv'], 'treatment': ['home_price'], 'response': ['home_loan_rate'], 'condition': [('empty_units_rate', 0.07)]}",step1,causal_policy_learning,"{
  ""dataset"": ""housing_market.csv"",
  ""treatment"": ""home_loan_rate"",
  ""outcome"": ""home_price"",
  ""condition_variable"": ""empty_units_rate"",
  ""condition_value"": 0.07
}"
125,125,5,"Could you guide me on how to adjust the number of political rallies attendance (rallies_attended) as suggested by the political_engagement.csv, particularly when considering that the rate of legislation passed (laws_enacted) is at 0.57, to maximize the amount of campaign donations (funds_received)?","{'causal_problem': ['CPL', None], 'dataset': ['political_engagement.csv'], 'treatment': ['rallies_attended'], 'response': ['funds_received'], 'condition': [('laws_enacted', 0.57)]}",step1,causal_policy_learning,"{
  ""dataset"": ""political_engagement.csv"",
  ""treatment"": ""rallies_attended"",
  ""outcome"": ""funds_received"",
  ""condition_variable"": ""laws_enacted"",
  ""condition_value"": 0.57
}"
126,126,6," In light of the details from political_engagement.csv, when legislation passed (laws_enacted) stands at 0.57, how should one go about altering their political rallies attendance (rallies_attended) strategy to possibly increase the flow of campaign donations (funds_received)?","{'causal_problem': ['CPL', None], 'dataset': ['political_engagement.csv'], 'treatment': ['rallies_attended'], 'response': ['funds_received'], 'condition': [('laws_enacted', 0.57)]}",step1,causal_policy_learning,"{
  ""dataset"": ""political_engagement.csv"",
  ""treatment"": ""rallies_attended"",
  ""outcome"": ""funds_received"",
  ""condition_variable"": ""laws_enacted"",
  ""condition_value"": 0.57
}"
127,127,7,"With the information provided by political_engagement.csv and the condition that legislation passed (laws_enacted) is 0.57, what's the best course of action to take regarding the frequency of political rallies attendance (rallies_attended) to potentially influence campaign donations (funds_received)?","{'causal_problem': ['CPL', None], 'dataset': ['political_engagement.csv'], 'treatment': ['rallies_attended'], 'response': ['funds_received'], 'condition': [('laws_enacted', 0.57)]}",step1,causal_policy_learning,"{
  ""dataset"": ""political_engagement.csv"",
  ""treatment"": ""rallies_attended"",
  ""outcome"": ""funds_received"",
  ""condition_variable"": ""laws_enacted"",
  ""condition_value"": 0.57
}"
128,128,8,"What's the advisable approach on political rallies attendance (rallies_attended), according to the insights from political_engagement.csv, to possibly affect the campaign donations (funds_received) when the benchmark for legislation passed (laws_enacted) is at 0.57?","{'causal_problem': ['CPL', None], 'dataset': ['political_engagement.csv'], 'treatment': ['rallies_attended'], 'response': ['funds_received'], 'condition': [('laws_enacted', 0.57)]}",step1,causal_policy_learning,"{
  ""dataset"": ""political_engagement.csv"",
  ""treatment"": ""rallies_attended"",
  ""outcome"": ""funds_received"",
  ""condition_variable"": ""laws_enacted"",
  ""condition_value"": 0.57
}"
129,129,9,"Given that the legislation passed (laws_enacted) is currently at a value of 0.57, as per the political_engagement.csv dataset, what steps should be considered when planning political rallies attendance (rallies_attended) to possibly have a positive impact on the subsequent campaign donations (funds_received)?","{'causal_problem': ['CPL', None], 'dataset': ['political_engagement.csv'], 'treatment': ['rallies_attended'], 'response': ['funds_received'], 'condition': [('laws_enacted', 0.57)]}",step1,causal_policy_learning,"{
  ""dataset"": ""political_engagement.csv"",
  ""treatment"": ""rallies_attended"",
  ""outcome"": ""funds_received"",
  ""condition_variable"": ""laws_enacted"",
  ""condition_value"": 0.57
}"
130,130,10,"If someone has an obesity rates of 0.73 (rate_of_obesity=0.73) as noted in our public_health.csv dataset, what course of action would you suggest to improve their life expectancy (lifespan) with respect to the observed vaccination rates?","{'causal_problem': ['CPL', None], 'dataset': ['public_health.csv'], 'treatment': ['lifespan'], 'response': ['vaccination_rates'], 'condition': [('rate_of_obesity', 0.73)]}",step1,causal_policy_learning,"{
  ""dataset"": ""public_health.csv"",
  ""treatment"": ""vaccination_rates"",
  ""outcome"": ""lifespan"",
  ""condition_variable"": ""rate_of_obesity"",
  ""condition_value"": 0.73
}"
131,131,11,"How should we adjust our approach to enhancing life expectancy (lifespan) in the context of the public_health.csv data, particularly for individuals with an obesity rates at 0.73 (rate_of_obesity=0.73), in order to effectively influence vaccination rates?","{'causal_problem': ['CPL', None], 'dataset': ['public_health.csv'], 'treatment': ['lifespan'], 'response': ['vaccination_rates'], 'condition': [('rate_of_obesity', 0.73)]}",step1,causal_policy_learning,"{
  ""dataset"": ""public_health.csv"",
  ""treatment"": ""vaccination_rates"",
  ""outcome"": ""life_expectancy"",
  ""condition_variable"": ""rate_of_obesity"",
  ""condition_value"": 0.73
}"
132,132,12,"Can the public_health.csv file provide guidance on the best steps to take in increasing life expectancy (lifespan), given that the obesity rates are currently standing at 0.73 (rate_of_obesity=0.73), with an aim to positively impact vaccination rates?","{'causal_problem': ['CPL', None], 'dataset': ['public_health.csv'], 'treatment': ['lifespan'], 'response': ['vaccination_rates'], 'condition': [('rate_of_obesity', 0.73)]}",step1,causal_policy_learning,"{
  ""dataset"": ""public_health.csv"",
  ""treatment"": ""steps_to_increase_lifespan"",
  ""outcome"": ""vaccination_rates"",
  ""condition_variable"": ""rate_of_obesity"",
  ""condition_value"": 0.73
}"
133,133,13,"Considering the public_health.csv findings, what life expectancy (lifespan) improvements should be prioritized for individuals with an obesity rates of 0.73 (rate_of_obesity=0.73) to potentially affect their vaccination rates?","{'causal_problem': ['CPL', None], 'dataset': ['public_health.csv'], 'treatment': ['lifespan'], 'response': ['vaccination_rates'], 'condition': [('rate_of_obesity', 0.73)]}",step1,causal_policy_learning,"{
  ""dataset"": ""public_health.csv"",
  ""treatment"": ""lifespan_improvements"",
  ""outcome"": ""vaccination_rates"",
  ""condition_variable"": ""rate_of_obesity"",
  ""condition_value"": 0.73
}"
134,134,14,"With obesity rates at 0.73 (rate_of_obesity=0.73) according to the public_health.csv, what recommended actions could be taken to lengthen life expectancy (lifespan) that might, in turn, have a beneficial effect on vaccination rates?","{'causal_problem': ['CPL', None], 'dataset': ['public_health.csv'], 'treatment': ['lifespan'], 'response': ['vaccination_rates'], 'condition': [('rate_of_obesity', 0.73)]}",step1,causal_policy_learning,"{
  ""dataset"": ""public_health.csv"",
  ""treatment"": ""intervention"",
  ""outcome"": ""lifespan"",
  ""condition_variable"": ""rate_of_obesity"",
  ""condition_value"": 0.73
}"
135,135,15," With the retail_sales.csv dataset in hand, how might we adjust the store count (store_quantity) to increase product demand, considering that our online sales figure stands at 0.72 (sales_online=0.72)?","{'causal_problem': ['CPL', None], 'dataset': ['retail_sales.csv'], 'treatment': ['store_quantity'], 'response': ['product_demand'], 'condition': [('sales_online', 0.72)]}",step1,causal_policy_learning,"{
  ""dataset"": ""retail_sales.csv"",
  ""treatment"": ""store_quantity"",
  ""outcome"": ""product_demand"",
  ""condition_variable"": ""sales_online"",
  ""condition_value"": 0.72
}"
136,136,16," In light of our online sales being at 0.72 (sales_online=0.72) according to the retail_sales.csv, what's the best course of action for tweaking store count (store_quantity) to meet the product demand?","{'causal_problem': ['CPL', None], 'dataset': ['retail_sales.csv'], 'treatment': ['store_quantity'], 'response': ['product_demand'], 'condition': [('sales_online', 0.72)]}",step1,causal_policy_learning,"{
  ""dataset"": ""retail_sales.csv"",
  ""treatment"": ""store_quantity"",
  ""outcome"": ""product_demand"",
  ""condition_variable"": ""sales_online"",
  ""condition_value"": 0.72
}"
137,137,17," Could you suggest the ideal store count (store_quantity) that the retail_sales.csv dataset indicates would optimize product demand, in the scenario where online sales consistently hover around 0.72 (sales_online=0.72)?","{'causal_problem': ['CPL', None], 'dataset': ['retail_sales.csv'], 'treatment': ['store_quantity'], 'response': ['product_demand'], 'condition': [('sales_online', 0.72)]}",step1,causal_policy_learning,"{
  ""dataset"": ""retail_sales.csv"",
  ""treatment"": ""store_quantity"",
  ""outcome"": ""product_demand"",
  ""condition_variable"": ""sales_online"",
  ""condition_value"": 0.72
}"
138,138,18," Looking at the retail_sales.csv data, what action should we take with our store count (store_quantity) to effectively address product demand, bearing in mind our current online sales are at 0.72 (sales_online=0.72)?","{'causal_problem': ['CPL', None], 'dataset': ['retail_sales.csv'], 'treatment': ['store_quantity'], 'response': ['product_demand'], 'condition': [('sales_online', 0.72)]}",step1,causal_policy_learning,"{
  ""dataset"": ""retail_sales.csv"",
  ""treatment"": ""store_quantity"",
  ""outcome"": ""product_demand"",
  ""condition_variable"": ""sales_online"",
  ""condition_value"": 0.72
}"
139,139,19," Given our situation where online sales mark 0.72 (sales_online=0.72) as shown in the retail_sales.csv, what recommendation would you have for setting the right store count (store_quantity) to fulfill the anticipated product demand?","{'causal_problem': ['CPL', None], 'dataset': ['retail_sales.csv'], 'treatment': ['store_quantity'], 'response': ['product_demand'], 'condition': [('sales_online', 0.72)]}",step1,causal_policy_learning,"{
  ""dataset"": ""retail_sales.csv"",
  ""treatment"": ""store_quantity"",
  ""outcome"": ""product_demand"",
  ""condition_variable"": ""sales_online"",
  ""condition_value"": 0.72
}"
140,140,20,"In light of an innovation rate standing at 0.69 (innovation_level=0.69) within the consumer_electronics.csv dataset, what guidance can be offered regarding the timing or intensity of product releases to potentially enhance sales volume (units_sold)?","{'causal_problem': ['CPL', None], 'dataset': ['consumer_electronics.csv'], 'treatment': ['product_releases'], 'response': ['units_sold'], 'condition': [('innovation_level', 0.69)]}",step1,causal_policy_learning,"{
  ""dataset"": ""consumer_electronics.csv"",
  ""treatment"": ""product_release_timing_intensity"",
  ""outcome"": ""units_sold"",
  ""condition_variable"": ""innovation_level"",
  ""condition_value"": 0.69
}"
141,141,21,"Can you advise on how to modify our approach to product releases to improve sales volume (units_sold), based on the data from consumer_electronics.csv, especially considering our current innovation rate is at 0.69 (innovation_level=0.69)?","{'causal_problem': ['CPL', None], 'dataset': ['consumer_electronics.csv'], 'treatment': ['product_releases'], 'response': ['units_sold'], 'condition': [('innovation_level', 0.69)]}",step1,causal_policy_learning,"{""dataset"":""consumer_electronics.csv"",""treatment"":""innovation_level"",""outcome"":""units_sold"",""condition_variable"":""innovation_level"",""condition_value"":0.69}"
142,142,22,"With the consumer_electronics.csv data at hand, and acknowledging an innovation rate of 0.69 (innovation_level=0.69), what product releases strategy might be optimal for maximizing sales volume (units_sold)?","{'causal_problem': ['CPL', None], 'dataset': ['consumer_electronics.csv'], 'treatment': ['product_releases'], 'response': ['units_sold'], 'condition': [('innovation_level', 0.69)]}",step1,causal_policy_learning,"{
  ""dataset"": ""consumer_electronics.csv"",
  ""treatment"": ""product_releases_strategy"",
  ""outcome"": ""units_sold"",
  ""condition_variable"": ""innovation_level"",
  ""condition_value"": 0.69
}"
143,143,23,"When considering the consumer_electronics.csv dataset, how would you suggest we adjust the frequency or nature of our product releases in response to an innovation rate measured at 0.69 (innovation_level=0.69), with the aim of boosting sales volume (units_sold)?","{'causal_problem': ['CPL', None], 'dataset': ['consumer_electronics.csv'], 'treatment': ['product_releases'], 'response': ['units_sold'], 'condition': [('innovation_level', 0.69)]}",step1,causal_policy_learning,"{
  ""dataset"": ""consumer_electronics.csv"",
  ""treatment"": ""product_release_frequency_or_nature"",
  ""outcome"": ""units_sold"",
  ""condition_variable"": ""innovation_level"",
  ""condition_value"": 0.69
}"
144,144,24,"Looking at the evidence from consumer_electronics.csv, what actions related to product releases would you recommend for achieving the best sales volume (units_sold), given that our innovation rate hovers around 0.69 (innovation_level=0.69)?","{'causal_problem': ['CPL', None], 'dataset': ['consumer_electronics.csv'], 'treatment': ['product_releases'], 'response': ['units_sold'], 'condition': [('innovation_level', 0.69)]}",step1,causal_policy_learning,"{
  ""dataset"": ""consumer_electronics.csv"",
  ""treatment"": ""product_release_action"",
  ""outcome"": ""units_sold"",
  ""condition_variable"": ""innovation_level"",
  ""condition_value"": 0.69
}"
145,145,25,"What guidance can you offer, after looking into the political_engagement.csv dataset, on how an individual or group should approach political rallies attendance to influence the number of legislation passed, particularly when their campaign donations are at 0.49 (campaign_donations=0.49)?","{'causal_problem': ['CPL', None], 'dataset': ['political_engagement.csv'], 'treatment': ['political_rallies_attendance'], 'response': ['legislation_passed'], 'condition': [('campaign_donations', 0.49)]}",step1,causal_policy_learning,"{
  ""dataset"": ""political_engagement.csv"",
  ""treatment"": ""political_rallies_attendance"",
  ""outcome"": ""legislation_passed"",
  ""condition_variable"": ""campaign_donations"",
  ""condition_value"": 0.49
}"
146,146,26,"Considering the political_engagement.csv data, what action should one take regarding their political rallies attendance to potentially affect the legislation passed when accounting for a campaign donations level of 0.49 (campaign_donations=0.49)?","{'causal_problem': ['CPL', None], 'dataset': ['political_engagement.csv'], 'treatment': ['political_rallies_attendance'], 'response': ['legislation_passed'], 'condition': [('campaign_donations', 0.49)]}",step1,causal_policy_learning,"{
  ""dataset"": ""political_engagement.csv"",
  ""treatment"": ""political_rallies_attendance"",
  ""outcome"": ""legislation_passed"",
  ""condition_variable"": ""campaign_donations"",
  ""condition_value"": 0.49
}"
147,147,27,"What steps should an organization consider with respect to political rallies attendance to maximize the impact on legislation passed, as per insights from the political_engagement.csv, given that their campaign donations are set at the value of 0.49 (campaign_donations=0.49)?","{'causal_problem': ['CPL', None], 'dataset': ['political_engagement.csv'], 'treatment': ['political_rallies_attendance'], 'response': ['legislation_passed'], 'condition': [('campaign_donations', 0.49)]}",step1,causal_policy_learning,"{
  ""dataset"": ""political_engagement.csv"",
  ""treatment"": ""political_rallies_attendance"",
  ""outcome"": ""legislation_passed"",
  ""condition_variable"": ""campaign_donations"",
  ""condition_value"": 0.49
}"
148,148,28,"In light of the information from the political_engagement.csv, what would be the most effective strategy for someone to undertake in terms of political rallies attendance to contribute towards the legislation passed, bearing in mind that their campaign donations are currently 0.49 (campaign_donations=0.49)?","{'causal_problem': ['CPL', None], 'dataset': ['political_engagement.csv'], 'treatment': ['political_rallies_attendance'], 'response': ['legislation_passed'], 'condition': [('campaign_donations', 0.49)]}",step1,causal_policy_learning,"{
  ""dataset"": ""political_engagement.csv"",
  ""treatment"": ""political_rallies_attendance"",
  ""outcome"": ""legislation_passed"",
  ""condition_variable"": ""campaign_donations"",
  ""condition_value"": 0.49
}"
149,149,29,"When analyzing the political_engagement.csv dataset, can you advise on the level of activity in political rallies attendance one should strive for to have a positive effect on legislation passed under the circumstance where their campaign donations stand at 0.49 (campaign_donations=0.49)?","{'causal_problem': ['CPL', None], 'dataset': ['political_engagement.csv'], 'treatment': ['political_rallies_attendance'], 'response': ['legislation_passed'], 'condition': [('campaign_donations', 0.49)]}",step1,causal_policy_learning,"{""dataset"":""political_engagement.csv"",""treatment"":""political_rallies_attendance"",""outcome"":""legislation_passed"",""condition_variable"":""campaign_donations"",""condition_value"":0.49}"
