,prompt,input,output,var,checked_input
0,"Given the details below, generate five diverse and plain-worded questions asking about the existence of causal effects between interested variables:
- Dataset name: housing_market.csv
- Interested variable: median home price, vacancy rates
-----------------------------------------------------------
Here are some examples:
Example 1: given the following information:
- Dataset name: employee_data.csv
- Interested variable: all variables

The corresponding questions can be:
- Can we pinpoint the number of instances in the employee_data.csv dataset where one variable directly leads to another?
- Within the employee_data.csv dataset, how many instances of one factor directly causing another can be observed?
- How many causal connections can be identified in the employee_data.csv dataset?

Example 2: given the following information:
- Dataset name: job_data.csv
- Interested variable: education (edu), job satisfaction (job_satisfaction)

The corresponding questions can be:
- From the job_data.csv dataset, can we infer if education (edu) has a significant impact on job satisfaction (job_satisfaction)?
- Within the job_data.csv dataset, is there evidence of causal connections between education (edu) and job satisfaction (job_satisfaction)?
- Is it evident in the job_data.csv dataset whether education (edu) plays a role in affecting job satisfaction (job_satisfaction)?

Example 3: given the following information:
- Dataset name: weather_data.csv
- Interested variable: temperature (temp), humidity (humid), rainfall (rain), local latitude (lat), local altitude (alt)

The corresponding questions can be:
- Within the dataset weather_data.csv, what is the nature of the causal links among temperature (temp), humidity (humid), rainfall (rain), local latitude (lat), and local altitude (alt)?
- Within the weather_data.csv dataset, can you outline the causal connections among temperature (temp), humidity (humid), rainfall (rain), local latitude (lat), and local altitude (alt)?
- In the weather_data.csv dataset, what causal connections can be identified among temperature (temp), humidity (humid), rainfall (rain), local latitude (lat), and local altitude (alt)?

-----------------------------------------------------------
Ensure that the questions employ a mix of different phrasing and diverse sentence structures.
Ensure that the questions do not mention correlation and association.
Ensure that the questions place a strong emphasis on the effect existence or the total number.
Ensure that all variable names under interested variables field exist in all five quetsion.
Ensure that the provided interested variable names are integrated naturally into the questions without discarding or altering any part of them.
"," In the housing_market.csv dataset, is there a clear indication that vacancy rates have an influence on the median home price?","{'causal_problem': ['CSL', None], 'dataset': ['housing_market.csv'], 'nodes': ['median_home_price', 'vacancy_rates']}","median home price,vacancy rates"," In the housing_market.csv dataset, is there a clear indication that vacancy rates have an influence on the median home price?"
1,"Given the details below, generate five diverse and plain-worded questions asking about the existence of causal effects between interested variables:
- Dataset name: housing_market.csv
- Interested variable: median home price, vacancy rates
-----------------------------------------------------------
Here are some examples:
Example 1: given the following information:
- Dataset name: employee_data.csv
- Interested variable: all variables

The corresponding questions can be:
- Can we pinpoint the number of instances in the employee_data.csv dataset where one variable directly leads to another?
- Within the employee_data.csv dataset, how many instances of one factor directly causing another can be observed?
- How many causal connections can be identified in the employee_data.csv dataset?

Example 2: given the following information:
- Dataset name: job_data.csv
- Interested variable: education (edu), job satisfaction (job_satisfaction)

The corresponding questions can be:
- From the job_data.csv dataset, can we infer if education (edu) has a significant impact on job satisfaction (job_satisfaction)?
- Within the job_data.csv dataset, is there evidence of causal connections between education (edu) and job satisfaction (job_satisfaction)?
- Is it evident in the job_data.csv dataset whether education (edu) plays a role in affecting job satisfaction (job_satisfaction)?

Example 3: given the following information:
- Dataset name: weather_data.csv
- Interested variable: temperature (temp), humidity (humid), rainfall (rain), local latitude (lat), local altitude (alt)

The corresponding questions can be:
- Within the dataset weather_data.csv, what is the nature of the causal links among temperature (temp), humidity (humid), rainfall (rain), local latitude (lat), and local altitude (alt)?
- Within the weather_data.csv dataset, can you outline the causal connections among temperature (temp), humidity (humid), rainfall (rain), local latitude (lat), and local altitude (alt)?
- In the weather_data.csv dataset, what causal connections can be identified among temperature (temp), humidity (humid), rainfall (rain), local latitude (lat), and local altitude (alt)?

-----------------------------------------------------------
Ensure that the questions employ a mix of different phrasing and diverse sentence structures.
Ensure that the questions do not mention correlation and association.
Ensure that the questions place a strong emphasis on the effect existence or the total number.
Ensure that all variable names under interested variables field exist in all five quetsion.
Ensure that the provided interested variable names are integrated naturally into the questions without discarding or altering any part of them.
", Can we determine from the data in housing_market.csv whether changes in median home price are a result of shifts in vacancy rates?,"{'causal_problem': ['CSL', None], 'dataset': ['housing_market.csv'], 'nodes': ['median_home_price', 'vacancy_rates']}","median home price,vacancy rates", Can we determine from the data in housing_market.csv whether changes in median home price are a result of shifts in vacancy rates?
2,"Given the details below, generate five diverse and plain-worded questions asking about the existence of causal effects between interested variables:
- Dataset name: housing_market.csv
- Interested variable: median home price, vacancy rates
-----------------------------------------------------------
Here are some examples:
Example 1: given the following information:
- Dataset name: employee_data.csv
- Interested variable: all variables

The corresponding questions can be:
- Can we pinpoint the number of instances in the employee_data.csv dataset where one variable directly leads to another?
- Within the employee_data.csv dataset, how many instances of one factor directly causing another can be observed?
- How many causal connections can be identified in the employee_data.csv dataset?

Example 2: given the following information:
- Dataset name: job_data.csv
- Interested variable: education (edu), job satisfaction (job_satisfaction)

The corresponding questions can be:
- From the job_data.csv dataset, can we infer if education (edu) has a significant impact on job satisfaction (job_satisfaction)?
- Within the job_data.csv dataset, is there evidence of causal connections between education (edu) and job satisfaction (job_satisfaction)?
- Is it evident in the job_data.csv dataset whether education (edu) plays a role in affecting job satisfaction (job_satisfaction)?

Example 3: given the following information:
- Dataset name: weather_data.csv
- Interested variable: temperature (temp), humidity (humid), rainfall (rain), local latitude (lat), local altitude (alt)

The corresponding questions can be:
- Within the dataset weather_data.csv, what is the nature of the causal links among temperature (temp), humidity (humid), rainfall (rain), local latitude (lat), and local altitude (alt)?
- Within the weather_data.csv dataset, can you outline the causal connections among temperature (temp), humidity (humid), rainfall (rain), local latitude (lat), and local altitude (alt)?
- In the weather_data.csv dataset, what causal connections can be identified among temperature (temp), humidity (humid), rainfall (rain), local latitude (lat), and local altitude (alt)?

-----------------------------------------------------------
Ensure that the questions employ a mix of different phrasing and diverse sentence structures.
Ensure that the questions do not mention correlation and association.
Ensure that the questions place a strong emphasis on the effect existence or the total number.
Ensure that all variable names under interested variables field exist in all five quetsion.
Ensure that the provided interested variable names are integrated naturally into the questions without discarding or altering any part of them.
", Does the housing_market.csv dataset show any instances where the median home price is affected by the level of vacancy rates?,"{'causal_problem': ['CSL', None], 'dataset': ['housing_market.csv'], 'nodes': ['median_home_price', 'vacancy_rates']}","median home price,vacancy rates", Does the housing_market.csv dataset show any instances where the median home price is affected by the level of vacancy rates?
3,"Given the details below, generate five diverse and plain-worded questions asking about the existence of causal effects between interested variables:
- Dataset name: housing_market.csv
- Interested variable: median home price, vacancy rates
-----------------------------------------------------------
Here are some examples:
Example 1: given the following information:
- Dataset name: employee_data.csv
- Interested variable: all variables

The corresponding questions can be:
- Can we pinpoint the number of instances in the employee_data.csv dataset where one variable directly leads to another?
- Within the employee_data.csv dataset, how many instances of one factor directly causing another can be observed?
- How many causal connections can be identified in the employee_data.csv dataset?

Example 2: given the following information:
- Dataset name: job_data.csv
- Interested variable: education (edu), job satisfaction (job_satisfaction)

The corresponding questions can be:
- From the job_data.csv dataset, can we infer if education (edu) has a significant impact on job satisfaction (job_satisfaction)?
- Within the job_data.csv dataset, is there evidence of causal connections between education (edu) and job satisfaction (job_satisfaction)?
- Is it evident in the job_data.csv dataset whether education (edu) plays a role in affecting job satisfaction (job_satisfaction)?

Example 3: given the following information:
- Dataset name: weather_data.csv
- Interested variable: temperature (temp), humidity (humid), rainfall (rain), local latitude (lat), local altitude (alt)

The corresponding questions can be:
- Within the dataset weather_data.csv, what is the nature of the causal links among temperature (temp), humidity (humid), rainfall (rain), local latitude (lat), and local altitude (alt)?
- Within the weather_data.csv dataset, can you outline the causal connections among temperature (temp), humidity (humid), rainfall (rain), local latitude (lat), and local altitude (alt)?
- In the weather_data.csv dataset, what causal connections can be identified among temperature (temp), humidity (humid), rainfall (rain), local latitude (lat), and local altitude (alt)?

-----------------------------------------------------------
Ensure that the questions employ a mix of different phrasing and diverse sentence structures.
Ensure that the questions do not mention correlation and association.
Ensure that the questions place a strong emphasis on the effect existence or the total number.
Ensure that all variable names under interested variables field exist in all five quetsion.
Ensure that the provided interested variable names are integrated naturally into the questions without discarding or altering any part of them.
"," Looking at the information in housing_market.csv, is there any sign that the vacancy rates play a role in determining the median home price?","{'causal_problem': ['CSL', None], 'dataset': ['housing_market.csv'], 'nodes': ['median_home_price', 'vacancy_rates']}","median home price,vacancy rates"," Looking at the information in housing_market.csv, is there any sign that the vacancy rates play a role in determining the median home price?"
4,"Given the details below, generate five diverse and plain-worded questions asking about the existence of causal effects between interested variables:
- Dataset name: housing_market.csv
- Interested variable: median home price, vacancy rates
-----------------------------------------------------------
Here are some examples:
Example 1: given the following information:
- Dataset name: employee_data.csv
- Interested variable: all variables

The corresponding questions can be:
- Can we pinpoint the number of instances in the employee_data.csv dataset where one variable directly leads to another?
- Within the employee_data.csv dataset, how many instances of one factor directly causing another can be observed?
- How many causal connections can be identified in the employee_data.csv dataset?

Example 2: given the following information:
- Dataset name: job_data.csv
- Interested variable: education (edu), job satisfaction (job_satisfaction)

The corresponding questions can be:
- From the job_data.csv dataset, can we infer if education (edu) has a significant impact on job satisfaction (job_satisfaction)?
- Within the job_data.csv dataset, is there evidence of causal connections between education (edu) and job satisfaction (job_satisfaction)?
- Is it evident in the job_data.csv dataset whether education (edu) plays a role in affecting job satisfaction (job_satisfaction)?

Example 3: given the following information:
- Dataset name: weather_data.csv
- Interested variable: temperature (temp), humidity (humid), rainfall (rain), local latitude (lat), local altitude (alt)

The corresponding questions can be:
- Within the dataset weather_data.csv, what is the nature of the causal links among temperature (temp), humidity (humid), rainfall (rain), local latitude (lat), and local altitude (alt)?
- Within the weather_data.csv dataset, can you outline the causal connections among temperature (temp), humidity (humid), rainfall (rain), local latitude (lat), and local altitude (alt)?
- In the weather_data.csv dataset, what causal connections can be identified among temperature (temp), humidity (humid), rainfall (rain), local latitude (lat), and local altitude (alt)?

-----------------------------------------------------------
Ensure that the questions employ a mix of different phrasing and diverse sentence structures.
Ensure that the questions do not mention correlation and association.
Ensure that the questions place a strong emphasis on the effect existence or the total number.
Ensure that all variable names under interested variables field exist in all five quetsion.
Ensure that the provided interested variable names are integrated naturally into the questions without discarding or altering any part of them.
", Is there any evidence within the housing_market.csv dataset to suggest that the median home price could be driven by the vacancy rates?,"{'causal_problem': ['CSL', None], 'dataset': ['housing_market.csv'], 'nodes': ['median_home_price', 'vacancy_rates']}","median home price,vacancy rates", Is there any evidence within the housing_market.csv dataset to suggest that the median home price could be driven by the vacancy rates?
5,"Given the details below, generate five diverse and plain-worded questions asking about the existence of causal effects between interested variables:
- Dataset name: political_engagement.csv
- Interested variable: legislation passed, voter turnout, political rallies attendance
-----------------------------------------------------------
Here are some examples:
Example 1: given the following information:
- Dataset name: employee_data.csv
- Interested variable: all variables

The corresponding questions can be:
- In the dataset employee_data.csv, how many causal relationships can be detected?
- How many causal connections can be identified in the employee_data.csv dataset?
- Within the employee_data.csv dataset, how many instances of one factor directly causing another can be observed?

Example 2: given the following information:
- Dataset name: job_data.csv
- Interested variable: education (edu), job satisfaction (job_satisfaction)

The corresponding questions can be:
- Within the job_data.csv dataset, is there evidence of causal connections between education (edu) and job satisfaction (job_satisfaction)?
- Is it evident in the job_data.csv dataset whether education (edu) plays a role in affecting job satisfaction (job_satisfaction)?
- Can we find any concrete connections between education (edu) and job satisfaction (job_satisfaction) in the job_data.csv dataset?

Example 3: given the following information:
- Dataset name: weather_data.csv
- Interested variable: temperature (temp), humidity (humid), rainfall (rain), local latitude (lat), local altitude (alt)

The corresponding questions can be:
- What are causal links among temperature (temp), humidity (humid), rainfall (rain), local latitude (lat), and local altitude (alt) in dataset weather_data.csv?
- In the weather_data.csv dataset, what causal connections can be identified among temperature (temp), humidity (humid), rainfall (rain), local latitude (lat), and local altitude (alt)?
- Within the weather_data.csv dataset, can you outline the causal connections among temperature (temp), humidity (humid), rainfall (rain), local latitude (lat), and local altitude (alt)?

-----------------------------------------------------------
Ensure that the questions employ a mix of different phrasing and diverse sentence structures.
Ensure that the questions do not mention correlation and association.
Ensure that the questions place a strong emphasis on the effect existence or the total number.
Ensure that all variable names under interested variables field exist in all five quetsion.
Ensure that the provided interested variable names are integrated naturally into the questions without discarding or altering any part of them.
",Does the political_engagement.csv dataset offer insights into whether the number of legislation passed directly impacts voter turnout and attendance at political rallies attendance?,"{'causal_problem': ['CSL', None], 'dataset': ['political_engagement.csv'], 'nodes': ['legislation_passed', 'voter_turnout', 'political_rallies_attendance']}","legislation passed,voter turnout,political rallies attendance",Does the political_engagement.csv dataset offer insights into whether the number of legislation passed directly impacts voter turnout and attendance at political rallies attendance?
6,"Given the details below, generate five diverse and plain-worded questions asking about the existence of causal effects between interested variables:
- Dataset name: political_engagement.csv
- Interested variable: legislation passed, voter turnout, political rallies attendance
-----------------------------------------------------------
Here are some examples:
Example 1: given the following information:
- Dataset name: employee_data.csv
- Interested variable: all variables

The corresponding questions can be:
- In the dataset employee_data.csv, how many causal relationships can be detected?
- How many causal connections can be identified in the employee_data.csv dataset?
- Within the employee_data.csv dataset, how many instances of one factor directly causing another can be observed?

Example 2: given the following information:
- Dataset name: job_data.csv
- Interested variable: education (edu), job satisfaction (job_satisfaction)

The corresponding questions can be:
- Within the job_data.csv dataset, is there evidence of causal connections between education (edu) and job satisfaction (job_satisfaction)?
- Is it evident in the job_data.csv dataset whether education (edu) plays a role in affecting job satisfaction (job_satisfaction)?
- Can we find any concrete connections between education (edu) and job satisfaction (job_satisfaction) in the job_data.csv dataset?

Example 3: given the following information:
- Dataset name: weather_data.csv
- Interested variable: temperature (temp), humidity (humid), rainfall (rain), local latitude (lat), local altitude (alt)

The corresponding questions can be:
- What are causal links among temperature (temp), humidity (humid), rainfall (rain), local latitude (lat), and local altitude (alt) in dataset weather_data.csv?
- In the weather_data.csv dataset, what causal connections can be identified among temperature (temp), humidity (humid), rainfall (rain), local latitude (lat), and local altitude (alt)?
- Within the weather_data.csv dataset, can you outline the causal connections among temperature (temp), humidity (humid), rainfall (rain), local latitude (lat), and local altitude (alt)?

-----------------------------------------------------------
Ensure that the questions employ a mix of different phrasing and diverse sentence structures.
Ensure that the questions do not mention correlation and association.
Ensure that the questions place a strong emphasis on the effect existence or the total number.
Ensure that all variable names under interested variables field exist in all five quetsion.
Ensure that the provided interested variable names are integrated naturally into the questions without discarding or altering any part of them.
"," In examining the political_engagement.csv dataset, is there any indication that increased political rallies attendance leads to a change in the rate of legislation passed or voter turnout?","{'causal_problem': ['CSL', None], 'dataset': ['political_engagement.csv'], 'nodes': ['legislation_passed', 'voter_turnout', 'political_rallies_attendance']}","legislation passed,voter turnout,political rallies attendance"," In examining the political_engagement.csv dataset, is there any indication that increased political rallies attendance leads to a change in the rate of legislation passed or voter turnout?"
7,"Given the details below, generate five diverse and plain-worded questions asking about the existence of causal effects between interested variables:
- Dataset name: political_engagement.csv
- Interested variable: legislation passed, voter turnout, political rallies attendance
-----------------------------------------------------------
Here are some examples:
Example 1: given the following information:
- Dataset name: employee_data.csv
- Interested variable: all variables

The corresponding questions can be:
- In the dataset employee_data.csv, how many causal relationships can be detected?
- How many causal connections can be identified in the employee_data.csv dataset?
- Within the employee_data.csv dataset, how many instances of one factor directly causing another can be observed?

Example 2: given the following information:
- Dataset name: job_data.csv
- Interested variable: education (edu), job satisfaction (job_satisfaction)

The corresponding questions can be:
- Within the job_data.csv dataset, is there evidence of causal connections between education (edu) and job satisfaction (job_satisfaction)?
- Is it evident in the job_data.csv dataset whether education (edu) plays a role in affecting job satisfaction (job_satisfaction)?
- Can we find any concrete connections between education (edu) and job satisfaction (job_satisfaction) in the job_data.csv dataset?

Example 3: given the following information:
- Dataset name: weather_data.csv
- Interested variable: temperature (temp), humidity (humid), rainfall (rain), local latitude (lat), local altitude (alt)

The corresponding questions can be:
- What are causal links among temperature (temp), humidity (humid), rainfall (rain), local latitude (lat), and local altitude (alt) in dataset weather_data.csv?
- In the weather_data.csv dataset, what causal connections can be identified among temperature (temp), humidity (humid), rainfall (rain), local latitude (lat), and local altitude (alt)?
- Within the weather_data.csv dataset, can you outline the causal connections among temperature (temp), humidity (humid), rainfall (rain), local latitude (lat), and local altitude (alt)?

-----------------------------------------------------------
Ensure that the questions employ a mix of different phrasing and diverse sentence structures.
Ensure that the questions do not mention correlation and association.
Ensure that the questions place a strong emphasis on the effect existence or the total number.
Ensure that all variable names under interested variables field exist in all five quetsion.
Ensure that the provided interested variable names are integrated naturally into the questions without discarding or altering any part of them.
", Can we observe from the data in political_engagement.csv a direct effect of voter turnout on the number of legislation passed and the frequency of political rallies attendance?,"{'causal_problem': ['CSL', None], 'dataset': ['political_engagement.csv'], 'nodes': ['legislation_passed', 'voter_turnout', 'political_rallies_attendance']}","legislation passed,voter turnout,political rallies attendance", Can we observe from the data in political_engagement.csv a direct effect of voter turnout on the number of legislation passed and the frequency of political rallies attendance?
8,"Given the details below, generate five diverse and plain-worded questions asking about the existence of causal effects between interested variables:
- Dataset name: political_engagement.csv
- Interested variable: legislation passed, voter turnout, political rallies attendance
-----------------------------------------------------------
Here are some examples:
Example 1: given the following information:
- Dataset name: employee_data.csv
- Interested variable: all variables

The corresponding questions can be:
- In the dataset employee_data.csv, how many causal relationships can be detected?
- How many causal connections can be identified in the employee_data.csv dataset?
- Within the employee_data.csv dataset, how many instances of one factor directly causing another can be observed?

Example 2: given the following information:
- Dataset name: job_data.csv
- Interested variable: education (edu), job satisfaction (job_satisfaction)

The corresponding questions can be:
- Within the job_data.csv dataset, is there evidence of causal connections between education (edu) and job satisfaction (job_satisfaction)?
- Is it evident in the job_data.csv dataset whether education (edu) plays a role in affecting job satisfaction (job_satisfaction)?
- Can we find any concrete connections between education (edu) and job satisfaction (job_satisfaction) in the job_data.csv dataset?

Example 3: given the following information:
- Dataset name: weather_data.csv
- Interested variable: temperature (temp), humidity (humid), rainfall (rain), local latitude (lat), local altitude (alt)

The corresponding questions can be:
- What are causal links among temperature (temp), humidity (humid), rainfall (rain), local latitude (lat), and local altitude (alt) in dataset weather_data.csv?
- In the weather_data.csv dataset, what causal connections can be identified among temperature (temp), humidity (humid), rainfall (rain), local latitude (lat), and local altitude (alt)?
- Within the weather_data.csv dataset, can you outline the causal connections among temperature (temp), humidity (humid), rainfall (rain), local latitude (lat), and local altitude (alt)?

-----------------------------------------------------------
Ensure that the questions employ a mix of different phrasing and diverse sentence structures.
Ensure that the questions do not mention correlation and association.
Ensure that the questions place a strong emphasis on the effect existence or the total number.
Ensure that all variable names under interested variables field exist in all five quetsion.
Ensure that the provided interested variable names are integrated naturally into the questions without discarding or altering any part of them.
",Is there evidence within the political_engagement.csv that suggests political rallies attendance has a direct influence on the rate of legislation passed or the level of voter turnout?,"{'causal_problem': ['CSL', None], 'dataset': ['political_engagement.csv'], 'nodes': ['legislation_passed', 'voter_turnout', 'political_rallies_attendance']}","legislation passed,voter turnout,political rallies attendance",Is there evidence within the political_engagement.csv that suggests political rallies attendance has a direct influence on the rate of legislation passed or the level of voter turnout?
9,"Given the details below, generate five diverse and plain-worded questions asking about the existence of causal effects between interested variables:
- Dataset name: political_engagement.csv
- Interested variable: legislation passed, voter turnout, political rallies attendance
-----------------------------------------------------------
Here are some examples:
Example 1: given the following information:
- Dataset name: employee_data.csv
- Interested variable: all variables

The corresponding questions can be:
- In the dataset employee_data.csv, how many causal relationships can be detected?
- How many causal connections can be identified in the employee_data.csv dataset?
- Within the employee_data.csv dataset, how many instances of one factor directly causing another can be observed?

Example 2: given the following information:
- Dataset name: job_data.csv
- Interested variable: education (edu), job satisfaction (job_satisfaction)

The corresponding questions can be:
- Within the job_data.csv dataset, is there evidence of causal connections between education (edu) and job satisfaction (job_satisfaction)?
- Is it evident in the job_data.csv dataset whether education (edu) plays a role in affecting job satisfaction (job_satisfaction)?
- Can we find any concrete connections between education (edu) and job satisfaction (job_satisfaction) in the job_data.csv dataset?

Example 3: given the following information:
- Dataset name: weather_data.csv
- Interested variable: temperature (temp), humidity (humid), rainfall (rain), local latitude (lat), local altitude (alt)

The corresponding questions can be:
- What are causal links among temperature (temp), humidity (humid), rainfall (rain), local latitude (lat), and local altitude (alt) in dataset weather_data.csv?
- In the weather_data.csv dataset, what causal connections can be identified among temperature (temp), humidity (humid), rainfall (rain), local latitude (lat), and local altitude (alt)?
- Within the weather_data.csv dataset, can you outline the causal connections among temperature (temp), humidity (humid), rainfall (rain), local latitude (lat), and local altitude (alt)?

-----------------------------------------------------------
Ensure that the questions employ a mix of different phrasing and diverse sentence structures.
Ensure that the questions do not mention correlation and association.
Ensure that the questions place a strong emphasis on the effect existence or the total number.
Ensure that all variable names under interested variables field exist in all five quetsion.
Ensure that the provided interested variable names are integrated naturally into the questions without discarding or altering any part of them.
"," From the information in political_engagement.csv, what instances show that the quantity of legislation passed has a direct effect on both voter turnout and political rallies attendance?","{'causal_problem': ['CSL', None], 'dataset': ['political_engagement.csv'], 'nodes': ['legislation_passed', 'voter_turnout', 'political_rallies_attendance']}","legislation passed,voter turnout,political rallies attendance"," From the information in political_engagement.csv, what instances show that the quantity of legislation passed has a direct effect on both voter turnout and political rallies attendance?"
10,"Given the details below, generate five diverse and plain-worded questions asking about the existence of causal effects between interested variables:
- Dataset name: public_health.csv
- Interested variable: all variables
-----------------------------------------------------------
Here are some examples:
Example 1: given the following information:
- Dataset name: employee_data.csv
- Interested variable: all variables

The corresponding questions can be:
- How many causal connections can be identified in the employee_data.csv dataset?
- Is there a method to discover every direct influence present in the employee_data.csv dataset?
- Within the employee_data.csv dataset, how many instances of one factor directly causing another can be observed?

Example 2: given the following information:
- Dataset name: job_data.csv
- Interested variable: education (edu), job satisfaction (job_satisfaction)

The corresponding questions can be:
- Within the job_data.csv dataset, is there causal links between education (edu) and job satisfaction (job_satisfaction)?
- Is it evident in the job_data.csv dataset whether education (edu) plays a role in affecting job satisfaction (job_satisfaction)?
- Can we find any concrete connections between education (edu) and job satisfaction (job_satisfaction) in the job_data.csv dataset?

Example 3: given the following information:
- Dataset name: weather_data.csv
- Interested variable: temperature (temp), humidity (humid), rainfall (rain), local latitude (lat), local altitude (alt)

The corresponding questions can be:
- Within the weather_data.csv dataset, can you outline the causal connections among temperature (temp), humidity (humid), rainfall (rain), local latitude (lat), and local altitude (alt)?
- Within the dataset weather_data.csv, what is the nature of the causal links among temperature (temp), humidity (humid), rainfall (rain), local latitude (lat), and local altitude (alt)?
- Could you describe the causal relationships among temperature (temp), humidity (humid), rainfall (rain), local latitude (lat), and local altitude (alt) in the weather_data.csv dataset?

-----------------------------------------------------------
Ensure that the questions employ a mix of different phrasing and diverse sentence structures.
Ensure that the questions do not mention correlation and association.
Ensure that the questions place a strong emphasis on the effect existence or the total number.
Ensure that all variable names under interested variables field exist in all five quetsion.
Ensure that the provided interested variable names are integrated naturally into the questions without discarding or altering any part of them.
"," In the public_health.csv dataset, can we determine if specific variables serve as a cause for changes observed in others?","{'causal_problem': ['CSL', None], 'dataset': ['public_health.csv'], 'nodes': ['all_variables']}",all_variables," In the public_health.csv dataset, can we determine if specific variables serve as a cause for changes observed in others?"
11,"Given the details below, generate five diverse and plain-worded questions asking about the existence of causal effects between interested variables:
- Dataset name: public_health.csv
- Interested variable: all variables
-----------------------------------------------------------
Here are some examples:
Example 1: given the following information:
- Dataset name: employee_data.csv
- Interested variable: all variables

The corresponding questions can be:
- How many causal connections can be identified in the employee_data.csv dataset?
- Is there a method to discover every direct influence present in the employee_data.csv dataset?
- Within the employee_data.csv dataset, how many instances of one factor directly causing another can be observed?

Example 2: given the following information:
- Dataset name: job_data.csv
- Interested variable: education (edu), job satisfaction (job_satisfaction)

The corresponding questions can be:
- Within the job_data.csv dataset, is there causal links between education (edu) and job satisfaction (job_satisfaction)?
- Is it evident in the job_data.csv dataset whether education (edu) plays a role in affecting job satisfaction (job_satisfaction)?
- Can we find any concrete connections between education (edu) and job satisfaction (job_satisfaction) in the job_data.csv dataset?

Example 3: given the following information:
- Dataset name: weather_data.csv
- Interested variable: temperature (temp), humidity (humid), rainfall (rain), local latitude (lat), local altitude (alt)

The corresponding questions can be:
- Within the weather_data.csv dataset, can you outline the causal connections among temperature (temp), humidity (humid), rainfall (rain), local latitude (lat), and local altitude (alt)?
- Within the dataset weather_data.csv, what is the nature of the causal links among temperature (temp), humidity (humid), rainfall (rain), local latitude (lat), and local altitude (alt)?
- Could you describe the causal relationships among temperature (temp), humidity (humid), rainfall (rain), local latitude (lat), and local altitude (alt) in the weather_data.csv dataset?

-----------------------------------------------------------
Ensure that the questions employ a mix of different phrasing and diverse sentence structures.
Ensure that the questions do not mention correlation and association.
Ensure that the questions place a strong emphasis on the effect existence or the total number.
Ensure that all variable names under interested variables field exist in all five quetsion.
Ensure that the provided interested variable names are integrated naturally into the questions without discarding or altering any part of them.
", Are there identifiable instances in the public_health.csv dataset where a particular variable has a direct effect on another?,"{'causal_problem': ['CSL', None], 'dataset': ['public_health.csv'], 'nodes': ['all_variables']}",all_variables, Are there identifiable instances in the public_health.csv dataset where a particular variable has a direct effect on another?
12,"Given the details below, generate five diverse and plain-worded questions asking about the existence of causal effects between interested variables:
- Dataset name: public_health.csv
- Interested variable: all variables
-----------------------------------------------------------
Here are some examples:
Example 1: given the following information:
- Dataset name: employee_data.csv
- Interested variable: all variables

The corresponding questions can be:
- How many causal connections can be identified in the employee_data.csv dataset?
- Is there a method to discover every direct influence present in the employee_data.csv dataset?
- Within the employee_data.csv dataset, how many instances of one factor directly causing another can be observed?

Example 2: given the following information:
- Dataset name: job_data.csv
- Interested variable: education (edu), job satisfaction (job_satisfaction)

The corresponding questions can be:
- Within the job_data.csv dataset, is there causal links between education (edu) and job satisfaction (job_satisfaction)?
- Is it evident in the job_data.csv dataset whether education (edu) plays a role in affecting job satisfaction (job_satisfaction)?
- Can we find any concrete connections between education (edu) and job satisfaction (job_satisfaction) in the job_data.csv dataset?

Example 3: given the following information:
- Dataset name: weather_data.csv
- Interested variable: temperature (temp), humidity (humid), rainfall (rain), local latitude (lat), local altitude (alt)

The corresponding questions can be:
- Within the weather_data.csv dataset, can you outline the causal connections among temperature (temp), humidity (humid), rainfall (rain), local latitude (lat), and local altitude (alt)?
- Within the dataset weather_data.csv, what is the nature of the causal links among temperature (temp), humidity (humid), rainfall (rain), local latitude (lat), and local altitude (alt)?
- Could you describe the causal relationships among temperature (temp), humidity (humid), rainfall (rain), local latitude (lat), and local altitude (alt) in the weather_data.csv dataset?

-----------------------------------------------------------
Ensure that the questions employ a mix of different phrasing and diverse sentence structures.
Ensure that the questions do not mention correlation and association.
Ensure that the questions place a strong emphasis on the effect existence or the total number.
Ensure that all variable names under interested variables field exist in all five quetsion.
Ensure that the provided interested variable names are integrated naturally into the questions without discarding or altering any part of them.
", Does the public_health.csv dataset offer insights into which variables may be responsible for causing shifts in other variables?,"{'causal_problem': ['CSL', None], 'dataset': ['public_health.csv'], 'nodes': ['all_variables']}",all_variables, Does the public_health.csv dataset offer insights into which variables may be responsible for causing shifts in other variables?
13,"Given the details below, generate five diverse and plain-worded questions asking about the existence of causal effects between interested variables:
- Dataset name: public_health.csv
- Interested variable: all variables
-----------------------------------------------------------
Here are some examples:
Example 1: given the following information:
- Dataset name: employee_data.csv
- Interested variable: all variables

The corresponding questions can be:
- How many causal connections can be identified in the employee_data.csv dataset?
- Is there a method to discover every direct influence present in the employee_data.csv dataset?
- Within the employee_data.csv dataset, how many instances of one factor directly causing another can be observed?

Example 2: given the following information:
- Dataset name: job_data.csv
- Interested variable: education (edu), job satisfaction (job_satisfaction)

The corresponding questions can be:
- Within the job_data.csv dataset, is there causal links between education (edu) and job satisfaction (job_satisfaction)?
- Is it evident in the job_data.csv dataset whether education (edu) plays a role in affecting job satisfaction (job_satisfaction)?
- Can we find any concrete connections between education (edu) and job satisfaction (job_satisfaction) in the job_data.csv dataset?

Example 3: given the following information:
- Dataset name: weather_data.csv
- Interested variable: temperature (temp), humidity (humid), rainfall (rain), local latitude (lat), local altitude (alt)

The corresponding questions can be:
- Within the weather_data.csv dataset, can you outline the causal connections among temperature (temp), humidity (humid), rainfall (rain), local latitude (lat), and local altitude (alt)?
- Within the dataset weather_data.csv, what is the nature of the causal links among temperature (temp), humidity (humid), rainfall (rain), local latitude (lat), and local altitude (alt)?
- Could you describe the causal relationships among temperature (temp), humidity (humid), rainfall (rain), local latitude (lat), and local altitude (alt) in the weather_data.csv dataset?

-----------------------------------------------------------
Ensure that the questions employ a mix of different phrasing and diverse sentence structures.
Ensure that the questions do not mention correlation and association.
Ensure that the questions place a strong emphasis on the effect existence or the total number.
Ensure that all variable names under interested variables field exist in all five quetsion.
Ensure that the provided interested variable names are integrated naturally into the questions without discarding or altering any part of them.
", Could we pinpoint any cases within the public_health.csv dataset where the alteration in one variable is a direct consequence of another?,"{'causal_problem': ['CSL', None], 'dataset': ['public_health.csv'], 'nodes': ['all_variables']}",all_variables, Could we pinpoint any cases within the public_health.csv dataset where the alteration in one variable is a direct consequence of another?
14,"Given the details below, generate five diverse and plain-worded questions asking about the existence of causal effects between interested variables:
- Dataset name: public_health.csv
- Interested variable: all variables
-----------------------------------------------------------
Here are some examples:
Example 1: given the following information:
- Dataset name: employee_data.csv
- Interested variable: all variables

The corresponding questions can be:
- How many causal connections can be identified in the employee_data.csv dataset?
- Is there a method to discover every direct influence present in the employee_data.csv dataset?
- Within the employee_data.csv dataset, how many instances of one factor directly causing another can be observed?

Example 2: given the following information:
- Dataset name: job_data.csv
- Interested variable: education (edu), job satisfaction (job_satisfaction)

The corresponding questions can be:
- Within the job_data.csv dataset, is there causal links between education (edu) and job satisfaction (job_satisfaction)?
- Is it evident in the job_data.csv dataset whether education (edu) plays a role in affecting job satisfaction (job_satisfaction)?
- Can we find any concrete connections between education (edu) and job satisfaction (job_satisfaction) in the job_data.csv dataset?

Example 3: given the following information:
- Dataset name: weather_data.csv
- Interested variable: temperature (temp), humidity (humid), rainfall (rain), local latitude (lat), local altitude (alt)

The corresponding questions can be:
- Within the weather_data.csv dataset, can you outline the causal connections among temperature (temp), humidity (humid), rainfall (rain), local latitude (lat), and local altitude (alt)?
- Within the dataset weather_data.csv, what is the nature of the causal links among temperature (temp), humidity (humid), rainfall (rain), local latitude (lat), and local altitude (alt)?
- Could you describe the causal relationships among temperature (temp), humidity (humid), rainfall (rain), local latitude (lat), and local altitude (alt) in the weather_data.csv dataset?

-----------------------------------------------------------
Ensure that the questions employ a mix of different phrasing and diverse sentence structures.
Ensure that the questions do not mention correlation and association.
Ensure that the questions place a strong emphasis on the effect existence or the total number.
Ensure that all variable names under interested variables field exist in all five quetsion.
Ensure that the provided interested variable names are integrated naturally into the questions without discarding or altering any part of them.
", How many examples of one variable directly leading to a change in another can be traced in the public_health.csv dataset?,"{'causal_problem': ['CSL', None], 'dataset': ['public_health.csv'], 'nodes': ['all_variables']}",all_variables, How many examples of one variable directly leading to a change in another can be traced in the public_health.csv dataset?
15,"Given the details below, generate five diverse and plain-worded questions asking about the existence of causal effects between interested variables:
- Dataset name: retail_sales.csv
- Interested variable: all variables
-----------------------------------------------------------
Here are some examples:
Example 1: given the following information:
- Dataset name: employee_data.csv
- Interested variable: all variables

The corresponding questions can be:
- Can you determine all causal connections present in the employee_data.csv dataset?
- Is there a method to discover every direct influence present in the employee_data.csv dataset?
- In the dataset employee_data.csv, how many causal relationships can be detected?

Example 2: given the following information:
- Dataset name: job_data.csv
- Interested variable: education (edu), job satisfaction (job_satisfaction)

The corresponding questions can be:
- Within the job_data.csv dataset, is there evidence of causal connections between education (edu) and job satisfaction (job_satisfaction)?
- Do the records in job_data.csv show if education (edu) directly impacts job satisfaction (job_satisfaction)?
- Is it evident in the job_data.csv dataset whether education (edu) plays a role in affecting job satisfaction (job_satisfaction)?

Example 3: given the following information:
- Dataset name: weather_data.csv
- Interested variable: temperature (temp), humidity (humid), rainfall (rain), local latitude (lat), local altitude (alt)

The corresponding questions can be:
- Within the dataset weather_data.csv, what is the nature of the causal links among temperature (temp), humidity (humid), rainfall (rain), local latitude (lat), and local altitude (alt)?
- In the weather_data.csv dataset, what causal connections can be identified among temperature (temp), humidity (humid), rainfall (rain), local latitude (lat), and local altitude (alt)?
- What are causal links among temperature (temp), humidity (humid), rainfall (rain), local latitude (lat), and local altitude (alt) in dataset weather_data.csv?

-----------------------------------------------------------
Ensure that the questions employ a mix of different phrasing and diverse sentence structures.
Ensure that the questions do not mention correlation and association.
Ensure that the questions place a strong emphasis on the effect existence or the total number.
Ensure that all variable names under interested variables field exist in all five quetsion.
Ensure that the provided interested variable names are integrated naturally into the questions without discarding or altering any part of them.
"," In the retail_sales.csv dataset, are there elements that directly cause changes in some of the other variables, and if so, can you list those relationships?","{'causal_problem': ['CSL', None], 'dataset': ['retail_sales.csv'], 'nodes': ['all_variables']}",all_variables," In the retail_sales.csv dataset, are there elements that directly cause changes in some of the other variables, and if so, can you list those relationships?"
16,"Given the details below, generate five diverse and plain-worded questions asking about the existence of causal effects between interested variables:
- Dataset name: retail_sales.csv
- Interested variable: all variables
-----------------------------------------------------------
Here are some examples:
Example 1: given the following information:
- Dataset name: employee_data.csv
- Interested variable: all variables

The corresponding questions can be:
- Can you determine all causal connections present in the employee_data.csv dataset?
- Is there a method to discover every direct influence present in the employee_data.csv dataset?
- In the dataset employee_data.csv, how many causal relationships can be detected?

Example 2: given the following information:
- Dataset name: job_data.csv
- Interested variable: education (edu), job satisfaction (job_satisfaction)

The corresponding questions can be:
- Within the job_data.csv dataset, is there evidence of causal connections between education (edu) and job satisfaction (job_satisfaction)?
- Do the records in job_data.csv show if education (edu) directly impacts job satisfaction (job_satisfaction)?
- Is it evident in the job_data.csv dataset whether education (edu) plays a role in affecting job satisfaction (job_satisfaction)?

Example 3: given the following information:
- Dataset name: weather_data.csv
- Interested variable: temperature (temp), humidity (humid), rainfall (rain), local latitude (lat), local altitude (alt)

The corresponding questions can be:
- Within the dataset weather_data.csv, what is the nature of the causal links among temperature (temp), humidity (humid), rainfall (rain), local latitude (lat), and local altitude (alt)?
- In the weather_data.csv dataset, what causal connections can be identified among temperature (temp), humidity (humid), rainfall (rain), local latitude (lat), and local altitude (alt)?
- What are causal links among temperature (temp), humidity (humid), rainfall (rain), local latitude (lat), and local altitude (alt) in dataset weather_data.csv?

-----------------------------------------------------------
Ensure that the questions employ a mix of different phrasing and diverse sentence structures.
Ensure that the questions do not mention correlation and association.
Ensure that the questions place a strong emphasis on the effect existence or the total number.
Ensure that all variable names under interested variables field exist in all five quetsion.
Ensure that the provided interested variable names are integrated naturally into the questions without discarding or altering any part of them.
", Does the data in retail_sales.csv reveal if certain variables serve as the root cause for fluctuations in other areas within the same dataset?,"{'causal_problem': ['CSL', None], 'dataset': ['retail_sales.csv'], 'nodes': ['all_variables']}",all_variables, Does the data in retail_sales.csv reveal if certain variables serve as the root cause for fluctuations in other areas within the same dataset?
17,"Given the details below, generate five diverse and plain-worded questions asking about the existence of causal effects between interested variables:
- Dataset name: retail_sales.csv
- Interested variable: all variables
-----------------------------------------------------------
Here are some examples:
Example 1: given the following information:
- Dataset name: employee_data.csv
- Interested variable: all variables

The corresponding questions can be:
- Can you determine all causal connections present in the employee_data.csv dataset?
- Is there a method to discover every direct influence present in the employee_data.csv dataset?
- In the dataset employee_data.csv, how many causal relationships can be detected?

Example 2: given the following information:
- Dataset name: job_data.csv
- Interested variable: education (edu), job satisfaction (job_satisfaction)

The corresponding questions can be:
- Within the job_data.csv dataset, is there evidence of causal connections between education (edu) and job satisfaction (job_satisfaction)?
- Do the records in job_data.csv show if education (edu) directly impacts job satisfaction (job_satisfaction)?
- Is it evident in the job_data.csv dataset whether education (edu) plays a role in affecting job satisfaction (job_satisfaction)?

Example 3: given the following information:
- Dataset name: weather_data.csv
- Interested variable: temperature (temp), humidity (humid), rainfall (rain), local latitude (lat), local altitude (alt)

The corresponding questions can be:
- Within the dataset weather_data.csv, what is the nature of the causal links among temperature (temp), humidity (humid), rainfall (rain), local latitude (lat), and local altitude (alt)?
- In the weather_data.csv dataset, what causal connections can be identified among temperature (temp), humidity (humid), rainfall (rain), local latitude (lat), and local altitude (alt)?
- What are causal links among temperature (temp), humidity (humid), rainfall (rain), local latitude (lat), and local altitude (alt) in dataset weather_data.csv?

-----------------------------------------------------------
Ensure that the questions employ a mix of different phrasing and diverse sentence structures.
Ensure that the questions do not mention correlation and association.
Ensure that the questions place a strong emphasis on the effect existence or the total number.
Ensure that all variable names under interested variables field exist in all five quetsion.
Ensure that the provided interested variable names are integrated naturally into the questions without discarding or altering any part of them.
", Can we identify any specific factors within retail_sales.csv that have a direct effect on the rest of the data points?,"{'causal_problem': ['CSL', None], 'dataset': ['retail_sales.csv'], 'nodes': ['all_variables']}",all_variables, Can we identify any specific factors within retail_sales.csv that have a direct effect on the rest of the data points?
18,"Given the details below, generate five diverse and plain-worded questions asking about the existence of causal effects between interested variables:
- Dataset name: retail_sales.csv
- Interested variable: all variables
-----------------------------------------------------------
Here are some examples:
Example 1: given the following information:
- Dataset name: employee_data.csv
- Interested variable: all variables

The corresponding questions can be:
- Can you determine all causal connections present in the employee_data.csv dataset?
- Is there a method to discover every direct influence present in the employee_data.csv dataset?
- In the dataset employee_data.csv, how many causal relationships can be detected?

Example 2: given the following information:
- Dataset name: job_data.csv
- Interested variable: education (edu), job satisfaction (job_satisfaction)

The corresponding questions can be:
- Within the job_data.csv dataset, is there evidence of causal connections between education (edu) and job satisfaction (job_satisfaction)?
- Do the records in job_data.csv show if education (edu) directly impacts job satisfaction (job_satisfaction)?
- Is it evident in the job_data.csv dataset whether education (edu) plays a role in affecting job satisfaction (job_satisfaction)?

Example 3: given the following information:
- Dataset name: weather_data.csv
- Interested variable: temperature (temp), humidity (humid), rainfall (rain), local latitude (lat), local altitude (alt)

The corresponding questions can be:
- Within the dataset weather_data.csv, what is the nature of the causal links among temperature (temp), humidity (humid), rainfall (rain), local latitude (lat), and local altitude (alt)?
- In the weather_data.csv dataset, what causal connections can be identified among temperature (temp), humidity (humid), rainfall (rain), local latitude (lat), and local altitude (alt)?
- What are causal links among temperature (temp), humidity (humid), rainfall (rain), local latitude (lat), and local altitude (alt) in dataset weather_data.csv?

-----------------------------------------------------------
Ensure that the questions employ a mix of different phrasing and diverse sentence structures.
Ensure that the questions do not mention correlation and association.
Ensure that the questions place a strong emphasis on the effect existence or the total number.
Ensure that all variable names under interested variables field exist in all five quetsion.
Ensure that the provided interested variable names are integrated naturally into the questions without discarding or altering any part of them.
", What are the various causal relationships that exist among the variables detailed in the retail_sales.csv dataset?,"{'causal_problem': ['CSL', None], 'dataset': ['retail_sales.csv'], 'nodes': ['all_variables']}",all_variables, What are the various causal relationships that exist among the variables detailed in the retail_sales.csv dataset?
19,"Given the details below, generate five diverse and plain-worded questions asking about the existence of causal effects between interested variables:
- Dataset name: retail_sales.csv
- Interested variable: all variables
-----------------------------------------------------------
Here are some examples:
Example 1: given the following information:
- Dataset name: employee_data.csv
- Interested variable: all variables

The corresponding questions can be:
- Can you determine all causal connections present in the employee_data.csv dataset?
- Is there a method to discover every direct influence present in the employee_data.csv dataset?
- In the dataset employee_data.csv, how many causal relationships can be detected?

Example 2: given the following information:
- Dataset name: job_data.csv
- Interested variable: education (edu), job satisfaction (job_satisfaction)

The corresponding questions can be:
- Within the job_data.csv dataset, is there evidence of causal connections between education (edu) and job satisfaction (job_satisfaction)?
- Do the records in job_data.csv show if education (edu) directly impacts job satisfaction (job_satisfaction)?
- Is it evident in the job_data.csv dataset whether education (edu) plays a role in affecting job satisfaction (job_satisfaction)?

Example 3: given the following information:
- Dataset name: weather_data.csv
- Interested variable: temperature (temp), humidity (humid), rainfall (rain), local latitude (lat), local altitude (alt)

The corresponding questions can be:
- Within the dataset weather_data.csv, what is the nature of the causal links among temperature (temp), humidity (humid), rainfall (rain), local latitude (lat), and local altitude (alt)?
- In the weather_data.csv dataset, what causal connections can be identified among temperature (temp), humidity (humid), rainfall (rain), local latitude (lat), and local altitude (alt)?
- What are causal links among temperature (temp), humidity (humid), rainfall (rain), local latitude (lat), and local altitude (alt) in dataset weather_data.csv?

-----------------------------------------------------------
Ensure that the questions employ a mix of different phrasing and diverse sentence structures.
Ensure that the questions do not mention correlation and association.
Ensure that the questions place a strong emphasis on the effect existence or the total number.
Ensure that all variable names under interested variables field exist in all five quetsion.
Ensure that the provided interested variable names are integrated naturally into the questions without discarding or altering any part of them.
"," Are there discernible cause-and-effect patterns that impact the variables represented in the retail_sales.csv, and can you quantify these influences?","{'causal_problem': ['CSL', None], 'dataset': ['retail_sales.csv'], 'nodes': ['all_variables']}",all_variables," Are there discernible cause-and-effect patterns that impact the variables represented in the retail_sales.csv, and can you quantify these influences?"
20,"Given the details below, generate five diverse and plain-worded questions asking about the existence of causal effects between interested variables:
- Dataset name: consumer_electronics.csv
- Interested variable: sales volume (monthly_sales), user satisfaction (user_satisfaction), market share (sector_market_share)
-----------------------------------------------------------
Here are some examples:
Example 1: given the following information:
- Dataset name: employee_data.csv
- Interested variable: all variables

The corresponding questions can be:
- Can you determine all causal connections present in the employee_data.csv dataset?
- Within the employee_data.csv dataset, how many instances of one factor directly causing another can be observed?
- Is there a method to discover every direct influence present in the employee_data.csv dataset?

Example 2: given the following information:
- Dataset name: job_data.csv
- Interested variable: education (edu), job satisfaction (job_satisfaction)

The corresponding questions can be:
- Within the job_data.csv dataset, is there causal links between education (edu) and job satisfaction (job_satisfaction)?
- Are there discernible causal links between education (edu) and job satisfaction (job_satisfaction) in the job_data.csv dataset?
- Is it evident in the job_data.csv dataset whether education (edu) plays a role in affecting job satisfaction (job_satisfaction)?

Example 3: given the following information:
- Dataset name: weather_data.csv
- Interested variable: temperature (temp), humidity (humid), rainfall (rain), local latitude (lat), local altitude (alt)

The corresponding questions can be:
- Within the dataset weather_data.csv, what is the nature of the causal links among temperature (temp), humidity (humid), rainfall (rain), local latitude (lat), and local altitude (alt)?
- What are causal links among temperature (temp), humidity (humid), rainfall (rain), local latitude (lat), and local altitude (alt) in dataset weather_data.csv?
- Within the weather_data.csv dataset, can you outline the causal connections among temperature (temp), humidity (humid), rainfall (rain), local latitude (lat), and local altitude (alt)?

-----------------------------------------------------------
Ensure that the questions employ a mix of different phrasing and diverse sentence structures.
Ensure that the questions do not mention correlation and association.
Ensure that the questions place a strong emphasis on the effect existence or the total number.
Ensure that all variable names under interested variables field exist in all five quetsion.
Ensure that the provided interested variable names are integrated naturally into the questions without discarding or altering any part of them.
","In the consumer_electronics.csv dataset, what are the causal pathways among user satisfaction (user_satisfaction), the monthly sales volume (monthly_sales), and market share (sector_market_share)?","{'causal_problem': ['CSL', None], 'dataset': ['consumer_electronics.csv'], 'nodes': ['monthly_sales', 'user_satisfaction', 'sector_market_share']}","sales volume,user satisfaction,market share","In the consumer_electronics.csv dataset, what are the causal pathways among user satisfaction (user_satisfaction), the monthly sales volume (monthly_sales), and market share (sector_market_share)?"
21,"Given the details below, generate five diverse and plain-worded questions asking about the existence of causal effects between interested variables:
- Dataset name: consumer_electronics.csv
- Interested variable: sales volume (monthly_sales), user satisfaction (user_satisfaction), market share (sector_market_share)
-----------------------------------------------------------
Here are some examples:
Example 1: given the following information:
- Dataset name: employee_data.csv
- Interested variable: all variables

The corresponding questions can be:
- Can you determine all causal connections present in the employee_data.csv dataset?
- Within the employee_data.csv dataset, how many instances of one factor directly causing another can be observed?
- Is there a method to discover every direct influence present in the employee_data.csv dataset?

Example 2: given the following information:
- Dataset name: job_data.csv
- Interested variable: education (edu), job satisfaction (job_satisfaction)

The corresponding questions can be:
- Within the job_data.csv dataset, is there causal links between education (edu) and job satisfaction (job_satisfaction)?
- Are there discernible causal links between education (edu) and job satisfaction (job_satisfaction) in the job_data.csv dataset?
- Is it evident in the job_data.csv dataset whether education (edu) plays a role in affecting job satisfaction (job_satisfaction)?

Example 3: given the following information:
- Dataset name: weather_data.csv
- Interested variable: temperature (temp), humidity (humid), rainfall (rain), local latitude (lat), local altitude (alt)

The corresponding questions can be:
- Within the dataset weather_data.csv, what is the nature of the causal links among temperature (temp), humidity (humid), rainfall (rain), local latitude (lat), and local altitude (alt)?
- What are causal links among temperature (temp), humidity (humid), rainfall (rain), local latitude (lat), and local altitude (alt) in dataset weather_data.csv?
- Within the weather_data.csv dataset, can you outline the causal connections among temperature (temp), humidity (humid), rainfall (rain), local latitude (lat), and local altitude (alt)?

-----------------------------------------------------------
Ensure that the questions employ a mix of different phrasing and diverse sentence structures.
Ensure that the questions do not mention correlation and association.
Ensure that the questions place a strong emphasis on the effect existence or the total number.
Ensure that all variable names under interested variables field exist in all five quetsion.
Ensure that the provided interested variable names are integrated naturally into the questions without discarding or altering any part of them.
","Can we identify any causal connections among user satisfaction (user_satisfaction), the monthly sales volume (monthly_sales), and market share (sector_market_share) from the consumer_electronics.csv dataset?","{'causal_problem': ['CSL', None], 'dataset': ['consumer_electronics.csv'], 'nodes': ['monthly_sales', 'user_satisfaction', 'sector_market_share']}","sales volume,user satisfaction,market share","Can we identify any causal connections among user satisfaction (user_satisfaction), the monthly sales volume (monthly_sales), and market share (sector_market_share) from the consumer_electronics.csv dataset?"
22,"Given the details below, generate five diverse and plain-worded questions asking about the existence of causal effects between interested variables:
- Dataset name: consumer_electronics.csv
- Interested variable: sales volume (monthly_sales), user satisfaction (user_satisfaction), market share (sector_market_share)
-----------------------------------------------------------
Here are some examples:
Example 1: given the following information:
- Dataset name: employee_data.csv
- Interested variable: all variables

The corresponding questions can be:
- Can you determine all causal connections present in the employee_data.csv dataset?
- Within the employee_data.csv dataset, how many instances of one factor directly causing another can be observed?
- Is there a method to discover every direct influence present in the employee_data.csv dataset?

Example 2: given the following information:
- Dataset name: job_data.csv
- Interested variable: education (edu), job satisfaction (job_satisfaction)

The corresponding questions can be:
- Within the job_data.csv dataset, is there causal links between education (edu) and job satisfaction (job_satisfaction)?
- Are there discernible causal links between education (edu) and job satisfaction (job_satisfaction) in the job_data.csv dataset?
- Is it evident in the job_data.csv dataset whether education (edu) plays a role in affecting job satisfaction (job_satisfaction)?

Example 3: given the following information:
- Dataset name: weather_data.csv
- Interested variable: temperature (temp), humidity (humid), rainfall (rain), local latitude (lat), local altitude (alt)

The corresponding questions can be:
- Within the dataset weather_data.csv, what is the nature of the causal links among temperature (temp), humidity (humid), rainfall (rain), local latitude (lat), and local altitude (alt)?
- What are causal links among temperature (temp), humidity (humid), rainfall (rain), local latitude (lat), and local altitude (alt) in dataset weather_data.csv?
- Within the weather_data.csv dataset, can you outline the causal connections among temperature (temp), humidity (humid), rainfall (rain), local latitude (lat), and local altitude (alt)?

-----------------------------------------------------------
Ensure that the questions employ a mix of different phrasing and diverse sentence structures.
Ensure that the questions do not mention correlation and association.
Ensure that the questions place a strong emphasis on the effect existence or the total number.
Ensure that all variable names under interested variables field exist in all five quetsion.
Ensure that the provided interested variable names are integrated naturally into the questions without discarding or altering any part of them.
","Are there any causal effects documented in the consumer_electronics.csv dataset among user satisfaction (user_satisfaction), the monthly sales volume (monthly_sales), and market share (sector_market_share)?","{'causal_problem': ['CSL', None], 'dataset': ['consumer_electronics.csv'], 'nodes': ['monthly_sales', 'user_satisfaction', 'sector_market_share']}","sales volume,user satisfaction,market share","Are there any causal effects documented in the consumer_electronics.csv dataset among user satisfaction (user_satisfaction), the monthly sales volume (monthly_sales), and market share (sector_market_share)?"
23,"Given the details below, generate five diverse and plain-worded questions asking about the existence of causal effects between interested variables:
- Dataset name: consumer_electronics.csv
- Interested variable: sales volume (monthly_sales), user satisfaction (user_satisfaction), market share (sector_market_share)
-----------------------------------------------------------
Here are some examples:
Example 1: given the following information:
- Dataset name: employee_data.csv
- Interested variable: all variables

The corresponding questions can be:
- Can you determine all causal connections present in the employee_data.csv dataset?
- Within the employee_data.csv dataset, how many instances of one factor directly causing another can be observed?
- Is there a method to discover every direct influence present in the employee_data.csv dataset?

Example 2: given the following information:
- Dataset name: job_data.csv
- Interested variable: education (edu), job satisfaction (job_satisfaction)

The corresponding questions can be:
- Within the job_data.csv dataset, is there causal links between education (edu) and job satisfaction (job_satisfaction)?
- Are there discernible causal links between education (edu) and job satisfaction (job_satisfaction) in the job_data.csv dataset?
- Is it evident in the job_data.csv dataset whether education (edu) plays a role in affecting job satisfaction (job_satisfaction)?

Example 3: given the following information:
- Dataset name: weather_data.csv
- Interested variable: temperature (temp), humidity (humid), rainfall (rain), local latitude (lat), local altitude (alt)

The corresponding questions can be:
- Within the dataset weather_data.csv, what is the nature of the causal links among temperature (temp), humidity (humid), rainfall (rain), local latitude (lat), and local altitude (alt)?
- What are causal links among temperature (temp), humidity (humid), rainfall (rain), local latitude (lat), and local altitude (alt) in dataset weather_data.csv?
- Within the weather_data.csv dataset, can you outline the causal connections among temperature (temp), humidity (humid), rainfall (rain), local latitude (lat), and local altitude (alt)?

-----------------------------------------------------------
Ensure that the questions employ a mix of different phrasing and diverse sentence structures.
Ensure that the questions do not mention correlation and association.
Ensure that the questions place a strong emphasis on the effect existence or the total number.
Ensure that all variable names under interested variables field exist in all five quetsion.
Ensure that the provided interested variable names are integrated naturally into the questions without discarding or altering any part of them.
","Looking at the data from consumer_electronics.csv, is there a way to establish causal effects among user satisfaction (user_satisfaction), the monthly sales volume (monthly_sales), and market share (sector_market_share)?","{'causal_problem': ['CSL', None], 'dataset': ['consumer_electronics.csv'], 'nodes': ['monthly_sales', 'user_satisfaction', 'sector_market_share']}","sales volume,user satisfaction,market share","Looking at the data from consumer_electronics.csv, is there a way to establish causal effects among user satisfaction (user_satisfaction), the monthly sales volume (monthly_sales), and market share (sector_market_share)?"
24,"Given the details below, generate five diverse and plain-worded questions asking about the existence of causal effects between interested variables:
- Dataset name: consumer_electronics.csv
- Interested variable: sales volume (monthly_sales), user satisfaction (user_satisfaction), market share (sector_market_share)
-----------------------------------------------------------
Here are some examples:
Example 1: given the following information:
- Dataset name: employee_data.csv
- Interested variable: all variables

The corresponding questions can be:
- Can you determine all causal connections present in the employee_data.csv dataset?
- Within the employee_data.csv dataset, how many instances of one factor directly causing another can be observed?
- Is there a method to discover every direct influence present in the employee_data.csv dataset?

Example 2: given the following information:
- Dataset name: job_data.csv
- Interested variable: education (edu), job satisfaction (job_satisfaction)

The corresponding questions can be:
- Within the job_data.csv dataset, is there causal links between education (edu) and job satisfaction (job_satisfaction)?
- Are there discernible causal links between education (edu) and job satisfaction (job_satisfaction) in the job_data.csv dataset?
- Is it evident in the job_data.csv dataset whether education (edu) plays a role in affecting job satisfaction (job_satisfaction)?

Example 3: given the following information:
- Dataset name: weather_data.csv
- Interested variable: temperature (temp), humidity (humid), rainfall (rain), local latitude (lat), local altitude (alt)

The corresponding questions can be:
- Within the dataset weather_data.csv, what is the nature of the causal links among temperature (temp), humidity (humid), rainfall (rain), local latitude (lat), and local altitude (alt)?
- What are causal links among temperature (temp), humidity (humid), rainfall (rain), local latitude (lat), and local altitude (alt) in dataset weather_data.csv?
- Within the weather_data.csv dataset, can you outline the causal connections among temperature (temp), humidity (humid), rainfall (rain), local latitude (lat), and local altitude (alt)?

-----------------------------------------------------------
Ensure that the questions employ a mix of different phrasing and diverse sentence structures.
Ensure that the questions do not mention correlation and association.
Ensure that the questions place a strong emphasis on the effect existence or the total number.
Ensure that all variable names under interested variables field exist in all five quetsion.
Ensure that the provided interested variable names are integrated naturally into the questions without discarding or altering any part of them.
", Does the analysis of the consumer_electronics.csv dataset reveal any causative impacts on monthly sales volume (monthly_sales) due to shifts in user satisfaction (user_satisfaction) or market share (sector_market_share)?,"{'causal_problem': ['CSL', None], 'dataset': ['consumer_electronics.csv'], 'nodes': ['monthly_sales', 'user_satisfaction', 'sector_market_share']}","sales volume,user satisfaction,market share", Does the analysis of the consumer_electronics.csv dataset reveal any causative impacts on monthly sales volume (monthly_sales) due to shifts in user satisfaction (user_satisfaction) or market share (sector_market_share)?
25,"Given the details below, generate five diverse and plain-worded questions asking about the existence of causal effects between interested variables:
- Dataset name: political_engagement.csv
- Interested variable: campaign donations (donation_amount), legislation passed (bills_passed)
-----------------------------------------------------------
Here are some examples:
Example 1: given the following information:
- Dataset name: employee_data.csv
- Interested variable: all variables

The corresponding questions can be:
- Can we pinpoint the number of instances in the employee_data.csv dataset where one variable directly leads to another?
- Is there a method to discover every direct influence present in the employee_data.csv dataset?
- Is there a way to recognize every direct relationship in the employee_data.csv dataset where one variable influences another?

Example 2: given the following information:
- Dataset name: job_data.csv
- Interested variable: education (edu), job satisfaction (job_satisfaction)

The corresponding questions can be:
- Do the records in job_data.csv show if education (edu) directly impacts job satisfaction (job_satisfaction)?
- Within the job_data.csv dataset, is there causal links between education (edu) and job satisfaction (job_satisfaction)?
- Within the job_data.csv dataset, is there evidence of causal connections between education (edu) and job satisfaction (job_satisfaction)?

Example 3: given the following information:
- Dataset name: weather_data.csv
- Interested variable: temperature (temp), humidity (humid), rainfall (rain), local latitude (lat), local altitude (alt)

The corresponding questions can be:
- What are causal links among temperature (temp), humidity (humid), rainfall (rain), local latitude (lat), and local altitude (alt) in dataset weather_data.csv?
- Within the dataset weather_data.csv, what is the nature of the causal links among temperature (temp), humidity (humid), rainfall (rain), local latitude (lat), and local altitude (alt)?
- Could you describe the causal relationships among temperature (temp), humidity (humid), rainfall (rain), local latitude (lat), and local altitude (alt) in the weather_data.csv dataset?

-----------------------------------------------------------
Ensure that the questions employ a mix of different phrasing and diverse sentence structures.
Ensure that the questions do not mention correlation and association.
Ensure that the questions place a strong emphasis on the effect existence or the total number.
Ensure that all variable names under interested variables field exist in all five quetsion.
Ensure that the provided interested variable names are integrated naturally into the questions without discarding or altering any part of them.
","In the political_engagement.csv dataset, is there evidence that the amount of campaign donations (donation_amount) directly influences the number of legislation passed (bills_passed)?","{'causal_problem': ['CSL', None], 'dataset': ['political_engagement.csv'], 'nodes': ['donation_amount', 'bills_passed']}","campaign donations,legislation passed","In the political_engagement.csv dataset, is there evidence that the amount of campaign donations (donation_amount) directly influences the number of legislation passed (bills_passed)?"
26,"Given the details below, generate five diverse and plain-worded questions asking about the existence of causal effects between interested variables:
- Dataset name: political_engagement.csv
- Interested variable: campaign donations (donation_amount), legislation passed (bills_passed)
-----------------------------------------------------------
Here are some examples:
Example 1: given the following information:
- Dataset name: employee_data.csv
- Interested variable: all variables

The corresponding questions can be:
- Can we pinpoint the number of instances in the employee_data.csv dataset where one variable directly leads to another?
- Is there a method to discover every direct influence present in the employee_data.csv dataset?
- Is there a way to recognize every direct relationship in the employee_data.csv dataset where one variable influences another?

Example 2: given the following information:
- Dataset name: job_data.csv
- Interested variable: education (edu), job satisfaction (job_satisfaction)

The corresponding questions can be:
- Do the records in job_data.csv show if education (edu) directly impacts job satisfaction (job_satisfaction)?
- Within the job_data.csv dataset, is there causal links between education (edu) and job satisfaction (job_satisfaction)?
- Within the job_data.csv dataset, is there evidence of causal connections between education (edu) and job satisfaction (job_satisfaction)?

Example 3: given the following information:
- Dataset name: weather_data.csv
- Interested variable: temperature (temp), humidity (humid), rainfall (rain), local latitude (lat), local altitude (alt)

The corresponding questions can be:
- What are causal links among temperature (temp), humidity (humid), rainfall (rain), local latitude (lat), and local altitude (alt) in dataset weather_data.csv?
- Within the dataset weather_data.csv, what is the nature of the causal links among temperature (temp), humidity (humid), rainfall (rain), local latitude (lat), and local altitude (alt)?
- Could you describe the causal relationships among temperature (temp), humidity (humid), rainfall (rain), local latitude (lat), and local altitude (alt) in the weather_data.csv dataset?

-----------------------------------------------------------
Ensure that the questions employ a mix of different phrasing and diverse sentence structures.
Ensure that the questions do not mention correlation and association.
Ensure that the questions place a strong emphasis on the effect existence or the total number.
Ensure that all variable names under interested variables field exist in all five quetsion.
Ensure that the provided interested variable names are integrated naturally into the questions without discarding or altering any part of them.
",Does an increase in campaign donations (donation_amount) within the political_engagement.csv dataset lead to a higher count of legislation passed (bills_passed)?,"{'causal_problem': ['CSL', None], 'dataset': ['political_engagement.csv'], 'nodes': ['donation_amount', 'bills_passed']}","campaign donations,legislation passed",Does an increase in campaign donations (donation_amount) within the political_engagement.csv dataset lead to a higher count of legislation passed (bills_passed)?
27,"Given the details below, generate five diverse and plain-worded questions asking about the existence of causal effects between interested variables:
- Dataset name: political_engagement.csv
- Interested variable: campaign donations (donation_amount), legislation passed (bills_passed)
-----------------------------------------------------------
Here are some examples:
Example 1: given the following information:
- Dataset name: employee_data.csv
- Interested variable: all variables

The corresponding questions can be:
- Can we pinpoint the number of instances in the employee_data.csv dataset where one variable directly leads to another?
- Is there a method to discover every direct influence present in the employee_data.csv dataset?
- Is there a way to recognize every direct relationship in the employee_data.csv dataset where one variable influences another?

Example 2: given the following information:
- Dataset name: job_data.csv
- Interested variable: education (edu), job satisfaction (job_satisfaction)

The corresponding questions can be:
- Do the records in job_data.csv show if education (edu) directly impacts job satisfaction (job_satisfaction)?
- Within the job_data.csv dataset, is there causal links between education (edu) and job satisfaction (job_satisfaction)?
- Within the job_data.csv dataset, is there evidence of causal connections between education (edu) and job satisfaction (job_satisfaction)?

Example 3: given the following information:
- Dataset name: weather_data.csv
- Interested variable: temperature (temp), humidity (humid), rainfall (rain), local latitude (lat), local altitude (alt)

The corresponding questions can be:
- What are causal links among temperature (temp), humidity (humid), rainfall (rain), local latitude (lat), and local altitude (alt) in dataset weather_data.csv?
- Within the dataset weather_data.csv, what is the nature of the causal links among temperature (temp), humidity (humid), rainfall (rain), local latitude (lat), and local altitude (alt)?
- Could you describe the causal relationships among temperature (temp), humidity (humid), rainfall (rain), local latitude (lat), and local altitude (alt) in the weather_data.csv dataset?

-----------------------------------------------------------
Ensure that the questions employ a mix of different phrasing and diverse sentence structures.
Ensure that the questions do not mention correlation and association.
Ensure that the questions place a strong emphasis on the effect existence or the total number.
Ensure that all variable names under interested variables field exist in all five quetsion.
Ensure that the provided interested variable names are integrated naturally into the questions without discarding or altering any part of them.
",Can we detect any direct effects of the size of campaign donations (donation_amount) on the success rate of legislation passed (bills_passed) in the political_engagement.csv file?,"{'causal_problem': ['CSL', None], 'dataset': ['political_engagement.csv'], 'nodes': ['donation_amount', 'bills_passed']}","campaign donations,legislation passed",Can we detect any direct effects of the size of campaign donations (donation_amount) on the success rate of legislation passed (bills_passed) in the political_engagement.csv file?
28,"Given the details below, generate five diverse and plain-worded questions asking about the existence of causal effects between interested variables:
- Dataset name: political_engagement.csv
- Interested variable: campaign donations (donation_amount), legislation passed (bills_passed)
-----------------------------------------------------------
Here are some examples:
Example 1: given the following information:
- Dataset name: employee_data.csv
- Interested variable: all variables

The corresponding questions can be:
- Can we pinpoint the number of instances in the employee_data.csv dataset where one variable directly leads to another?
- Is there a method to discover every direct influence present in the employee_data.csv dataset?
- Is there a way to recognize every direct relationship in the employee_data.csv dataset where one variable influences another?

Example 2: given the following information:
- Dataset name: job_data.csv
- Interested variable: education (edu), job satisfaction (job_satisfaction)

The corresponding questions can be:
- Do the records in job_data.csv show if education (edu) directly impacts job satisfaction (job_satisfaction)?
- Within the job_data.csv dataset, is there causal links between education (edu) and job satisfaction (job_satisfaction)?
- Within the job_data.csv dataset, is there evidence of causal connections between education (edu) and job satisfaction (job_satisfaction)?

Example 3: given the following information:
- Dataset name: weather_data.csv
- Interested variable: temperature (temp), humidity (humid), rainfall (rain), local latitude (lat), local altitude (alt)

The corresponding questions can be:
- What are causal links among temperature (temp), humidity (humid), rainfall (rain), local latitude (lat), and local altitude (alt) in dataset weather_data.csv?
- Within the dataset weather_data.csv, what is the nature of the causal links among temperature (temp), humidity (humid), rainfall (rain), local latitude (lat), and local altitude (alt)?
- Could you describe the causal relationships among temperature (temp), humidity (humid), rainfall (rain), local latitude (lat), and local altitude (alt) in the weather_data.csv dataset?

-----------------------------------------------------------
Ensure that the questions employ a mix of different phrasing and diverse sentence structures.
Ensure that the questions do not mention correlation and association.
Ensure that the questions place a strong emphasis on the effect existence or the total number.
Ensure that all variable names under interested variables field exist in all five quetsion.
Ensure that the provided interested variable names are integrated naturally into the questions without discarding or altering any part of them.
", Is there a discernible cause-and-effect relationship between the volume of campaign donations (donation_amount) and the quantity of legislation passed (bills_passed) as recorded in political_engagement.csv?,"{'causal_problem': ['CSL', None], 'dataset': ['political_engagement.csv'], 'nodes': ['donation_amount', 'bills_passed']}","campaign donations,legislation passed", Is there a discernible cause-and-effect relationship between the volume of campaign donations (donation_amount) and the quantity of legislation passed (bills_passed) as recorded in political_engagement.csv?
29,"Given the details below, generate five diverse and plain-worded questions asking about the existence of causal effects between interested variables:
- Dataset name: political_engagement.csv
- Interested variable: campaign donations (donation_amount), legislation passed (bills_passed)
-----------------------------------------------------------
Here are some examples:
Example 1: given the following information:
- Dataset name: employee_data.csv
- Interested variable: all variables

The corresponding questions can be:
- Can we pinpoint the number of instances in the employee_data.csv dataset where one variable directly leads to another?
- Is there a method to discover every direct influence present in the employee_data.csv dataset?
- Is there a way to recognize every direct relationship in the employee_data.csv dataset where one variable influences another?

Example 2: given the following information:
- Dataset name: job_data.csv
- Interested variable: education (edu), job satisfaction (job_satisfaction)

The corresponding questions can be:
- Do the records in job_data.csv show if education (edu) directly impacts job satisfaction (job_satisfaction)?
- Within the job_data.csv dataset, is there causal links between education (edu) and job satisfaction (job_satisfaction)?
- Within the job_data.csv dataset, is there evidence of causal connections between education (edu) and job satisfaction (job_satisfaction)?

Example 3: given the following information:
- Dataset name: weather_data.csv
- Interested variable: temperature (temp), humidity (humid), rainfall (rain), local latitude (lat), local altitude (alt)

The corresponding questions can be:
- What are causal links among temperature (temp), humidity (humid), rainfall (rain), local latitude (lat), and local altitude (alt) in dataset weather_data.csv?
- Within the dataset weather_data.csv, what is the nature of the causal links among temperature (temp), humidity (humid), rainfall (rain), local latitude (lat), and local altitude (alt)?
- Could you describe the causal relationships among temperature (temp), humidity (humid), rainfall (rain), local latitude (lat), and local altitude (alt) in the weather_data.csv dataset?

-----------------------------------------------------------
Ensure that the questions employ a mix of different phrasing and diverse sentence structures.
Ensure that the questions do not mention correlation and association.
Ensure that the questions place a strong emphasis on the effect existence or the total number.
Ensure that all variable names under interested variables field exist in all five quetsion.
Ensure that the provided interested variable names are integrated naturally into the questions without discarding or altering any part of them.
",Does the political_engagement.csv dataset allow us to identify instances where campaign donations (donation_amount) have a direct effect on the the number of legislation passed (bills_passed)?,"{'causal_problem': ['CSL', None], 'dataset': ['political_engagement.csv'], 'nodes': ['donation_amount', 'bills_passed']}","campaign donations,legislation passed",Does the political_engagement.csv dataset allow us to identify instances where campaign donations (donation_amount) have a direct effect on the the number of legislation passed (bills_passed)?
